District,Geographical Area,Forest,Forest Area Area %,Non agricultural uses Land not available for Cultivation,Barren Uncultivatable Land Land not available for Cultivation,Total Land not available for Cultivation,"Non-Cultivable Land Area %,Non-Cultivable Land",Cultivable waste Other Uncultivated Land,Permanent Pasture Other Uncultivated Land,"Permanent Pasture Area %,Other Uncultivated",Trees and Groves Other Uncultivated Land,Total Other Uncultivated Land,Current Fallow Land,Other Fallow Land,Total Fallow Land,Net Area sown,More than Once Area sown,Total Area sown,Net area Sown to Geographical Area Area sown,Length in kms canals Gross and Gross Net Area Irrigated,Gross Irrigated Area canals Gross and Gross Net Area Irrigated,Gross Net Area Irrigated canals Gross and Gross Net Area Irrigated,Nos Tanks Gross and Gross Net Area Irrigated,Gross Irrigated Area Tanks Gross and Gross Net Area Irrigated,Gross Net Area Irrigated Tanks Gross and Gross Net Area Irrigated,Nos Open Gross and Gross Net Area Irrigated,Gross Irrigated Area Open Gross and Gross Net Area Irrigated,Gross Net Area Irrigated Open Gross and Gross Net Area Irrigated,Nos Tube wells Gross Net Area Irrigated Hectares,Gross Irrigated Area Tube wells Gross Net Area Irrigated Hectares,Gross Net Area Irrigated Tube wells Gross Net Area Irrigated Hectares,Nos Lift Irrigation Gross Net Area Irrigated Hectares,Gross Irrigated Area Lift Irrigation Gross Net Area Irrigated Hectares,Net Area Irrigated Lift Irrigation Gross Net Area Irrigated Hectares,Gross Irrigated Area Gross Net Area Irrigated Hectares,Gross Net Area Irrigated Gross Net Area Irrigated Hectares,Gross Irrigated Area Total Gross Net Area Irrigated Hectares,Gross Net Area Irrigated Total Gross Net Area Irrigated Hectares,Net Irrigated Area %,Paddy Area under Cereals,Jowar Area under Cereals,Bajra Area under Cereals,Maize Area under Cereals,Ragi Area under Cereals,Wheat Area under Cereals,Others Cereals Area under Cereals,Area under Cereals,Tur Area Under Pulses,Horse Gram Area Under Pulses,Black Gram Area Under Pulses,Green Gram Area Under Pulses,Avare Area Under Pulses,Cowpea Area Under Pulses,Bengal Gram Pulses,Other Pulses Pulses,Total Pulses including Tur Bengal Gram Pulses,Total Food Grains Pulses,Food Grains to total area sown,Total Area of Flower Crops,Ground Nut oil seeds,Sun Flower oil seeds,Saf flower oil seeds,Castor oil seeds,Sesamum oil seeds,Niger oil seeds,Soyabean oil seeds,Linseed oil seeds,Other Oil seeds oil seeds,Total Oil Seeds oil seeds,Oil Seed Area Area %,Banana Fruits,Mango Fruits,Lemon Fruits,Pineapple Fruits,Guava Fruits,Grapes Fruits,Sapota Fruits,Pomogranate Fruits,Papaya Fruits,Oranage Fruits,Watermelon Fruits,Others Fruits,Total Fruits,Tomato Vegetables,Brinjal Vegetables,Cucumber Vegetables,Beans Vegetables,Cluster Beans Vegetables,Cabbage Vegetables,Ridge Gourd Vegetables,Bitter Gourd Vegetables,Raddish Vegetables,Onion Vegetables,Beetroot Vegetables,Carrot Vegetables,Knol khol Vegetables,Ladies Finger Vegetables,Green Chillies Vegetables,Snake gourd Vegetables,Bottel Gourd Vegetables,Potato Vegetables,Pumpkin Vegetables,Cauliflower Vegetables,Others Vegetables,Total Leafy Vegetables Vegetables,Total Vegetables Vegetables,Cotton,Sugar Cane,Tobacco,Total Fibers,Total Condiments spices,coconuts,Arecanuts,Total plantation crops,Paddy Production of Cereals,Jowar Production of Cereals,Bajra Production of Cereals,Maize Production of Cereals,Ragi Production of Cereals,Wheat Production of Cereals,Total Small Minor Millets Production of Cereals,Total Cereals Minor Millets Production of Cereals,Tur Production of Pulses,Horse Gram Production of Pulses,Black Gram Production of Pulses,Green Gram Production of Pulses,Avare Production of Pulses,Cowpea Production of Pulses,Bengal Gram Production of Pulses,Other Pulses Production of Pulses,Total Pulses Production of Pulses,Total Food Grains Production of Pulses,food grains production %,Ground nut,Sun Flower,Saf flower,Castor,Sesamum,Linseed,Soyabean,Niger Seed,Including other Total Oil Seeds,Harvesting Sugar Cane,Coconut in Thousand Nuts,Arecanut Processed,Cardamom,Pepper,Cashewnut Processed,Cocoa,Banana,Mango,Lemon,Pineapple,Guava,Grapes,Sapota,Pomegranate,Papaya,Potato,Tomato,Brinjal,Beans,Cluster Beans,Onion,Green chillies,Total Leafy Vegetables,Total Gourd Variety Vegetables,Paddy Yield of Cereals K.g Hect,Jowar Yield of Cereals K.g Hect,Bajra Yield of Cereals K.g Hect,Maize Yield of Cereals K.g Hect,Ragi Yield of Cereals K.g Hect,Wheat Yield of Cereals K.g Hect,Total Smal Millets Yield of Cereals K.g Hect,Total Cereals Millets Yield of Cereals K.g Hect,Tur Yield of Pulses In Kgs Hectares,Horse Gram Yield of Pulses In Kgs Hectares,Black Gram Yield of Pulses In Kgs Hectares,Green Gram Yield of Pulses In Kgs Hectares,Avare Yield of Pulses In Kgs Hectares,Cowpea Yield of Pulses In Kgs Hectares,Bengal Gram Yield of Pulses In Kgs Hectares,Other Pulses Yield of Pulses In Kgs Hectares,Total Pulses Yield of Pulses In Kgs Hectares,Total Food Grains Yield of Pulses In Kgs Hectares,Total Oil Seeds,Cotton In Bales,Sugar Cane Tonnes per Hectares,Tobacco in kgs Hectares,Cocoa In Tonnes,Forest Area in Sq Km Forest Department,Saplings Planted In Lakhs Forest Department,Number Government,Capacity Government,Number Private,Capacity Private,Number Total,Capacity Total,Nitrogen,Phosphorus,Potash,Total,chemical fertilizers distributed %,Paddy,Wheat,Jowar,Ragi,Maize,Bajra,Bengal Gram,Tur,Black Gram,Green Gram,Cowpea,Ground Nut,Sun flower,Total Quantity,seeds distributed to STate Total,Regulated Markets,Sub Markets,Total Markets,Mulbery Area Hects,Cocoon Production In Tonnes,No. of villages under Mulberry,SC Sericulturists,ST Sericulturists,Other Sericulturists,Total Sericulturists,Value of silk Cocoon Produced Rs. in lakhs,Cocoon Markets,Sc Farmers and reelers benefited under Sericulture Development Programme,St Farmers and reelers benefited under Sericulture Development Programme,Others Farmers and reelers benefited under Sericulture Development Programme,Total Farmers and reelers benefited under Sericulture Development Programme,Sc Farmers and reelers benefited under New initiative for Sericulture development Assoistance to Stakeholders,St Farmers and reelers benefited under New initiative for Sericulture development Assoistance to Stakeholders,Others Farmers and reelers benefited under New initiative for Sericulture development Assoistance to Stakeholders,Total Farmers and reelers benefited under New initiative for Sericulture development Assoistance to Stakeholders,Sc No.of farmers and reelers benefited under balance amount under 2013 Act,St No.of farmers and reelers benefited under balance amount under 2013 Act,Others No.of farmers and reelers benefited under balance amount under 2013 Act,No. of farmers benefited under Pradhana Mantri Krishi Sinchayee Yojana,No. of farmers benefited under Rashtriya Krishi Vikasa Yojana,Male Marginal Agricultural Land Holders Below 1 Ha. Sc Numbers,Female Marginal Agricultural Land Holders Below 1 Ha. Sc Numbers,Institutions Marginal Agricultural Land Holders Below 1 Ha. Sc Numbers,Total Marginal Agricultural Land Holders Below 1 Ha. Sc Numbers,Male Marginal Agricultural Land Holders Below 1 Ha. Sc Area,Female Marginal Agricultural Land Holders Below 1 Ha. Sc Area,Institutions Marginal Agricultural Land Holders Below 1 Ha. Sc Area,Total Marginal Agricultural Land Holders Below 1 Ha. Sc Area,Male Marginal Agricultural Land Holders Below 1 Hectare Numbers,Female Marginal Agricultural Land Holders Below 1 Hectare Numbers,Institutions Marginal Agricultural Land Holders Below 1 Hectare Numbers,Total Marginal Agricultural Land Holders Below 1 Hectare Numbers,Male Marginal Agricultural Land Holders Below 1 Hectare Area,Female Marginal Agricultural Land Holders Below 1 Hectare Area,Institutions Marginal Agricultural Land Holders Below 1 Hectare Area,Total Marginal Agricultural Land Holders Below 1 Hectare Area,Male Marginal Agricultural Land Holders Below 1 Hectare Others Numbers,Female Marginal Agricultural Land Holders Below 1 Hectare Others Numbers,Institution Marginal Agricultural Land Holders Below 1 Hectare Others Numbers,Total Marginal Agricultural Land Holders Below 1 Hectare Others Numbers,Male Marginal Agricultural Land Holders Below 1 Hectare Others Area,Female Marginal Agricultural Land Holders Below 1 Hectare Others Area,Institutions Marginal Agricultural Land Holders Below 1 Hectare Others Area,Total Marginal Agricultural Land Holders Below 1 Hectare Others Area,Male Marginal Agricultural Land Holders Below 1 Hectare Total Numbers,Female Marginal Agricultural Land Holders Below 1 Hectare Total Numbers,Institution Marginal Agricultural Land Holders Below 1 Hectare Total Numbers,Total Marginal Agricultural Land Holders Below 1 Hectare Total Numbers,Male Marginal Agricultural Land Holders Below 1 Hectare Total Area,Female Marginal Agricultural Land Holders Below 1 Hectare Total Area,Institutions Marginal Agricultural Land Holders Below 1 Hectare Total Area,Total Marginal Agricultural Land Holders Below 1 Hectare Total Area,"marginal land holders %,Marginal Landholders Total",Male Small Agricultural Land Holders 1-2 Hectare Sc Numbers,Female Small Agricultural Land Holders 1-2 Hectare Sc Numbers,Institution Small Agricultural Land Holders 1-2 Hectare Sc Numbers,Total Small Agricultural Land Holders 1-2 Hectare Sc Numbers,Male Small Agricultural Land Holders 1-2 Hectare Sc Area,Female Small Agricultural Land Holders 1-2 Hectare Sc Area,Institutions Small Agricultural Land Holders 1-2 Hectare Sc Area,Total Small Agricultural Land Holders 1-2 Hectare Sc Area,Male Small Agricultural Land Holders 1-2 Hectare St Numbers,Female Small Agricultural Land Holders 1-2 Hectare St Numbers,Institution Small Agricultural Land Holders 1-2 Hectare St Numbers,Total Small Agricultural Land Holders 1-2 Hectare St Numbers,Male Small Agricultural Land Holders 1-2 Hectare St Area,Female Small Agricultural Land Holders 1-2 Hectare St Area,Institutions Small Agricultural Land Holders 1-2 Hectare St Area,Total Small Agricultural Land Holders 1-2 Hectare St Area,Male Small Agricultural Land Holders 1-2 Hectare Others Numbers,Female Small Agricultural Land Holders 1-2 Hectare Others Numbers,Institution Small Agricultural Land Holders 1-2 Hectare Others Numbers,Total Small Agricultural Land Holders 1-2 Hectare Others Numbers,Male Small Agricultural Land Holders 1-2 Hectare Others Area,Female Small Agricultural Land Holders 1-2 Hectare Others Area,Institutions Small Agricultural Land Holders 1-2 Hectare Others Area,Total Small Agricultural Land Holders 1-2 Hectare Others Area,Male Small Agricultural Land Holders 1-2 Hectare Total Numbers,Female Small Agricultural Land Holders 1-2 Hectare Total Numbers,Institution Small Agricultural Land Holders 1-2 Hectare Total Numbers,Total Small Agricultural Land Holders 1-2 Hectare Total Numbers,Male Small Agricultural Land Holders 1-2 Hectare Total Area,Female Small Agricultural Land Holders 1-2 Hectare Total Area,Institutions Small Agricultural Land Holders 1-2 Hectare Total Area,Total Small Agricultural Land Holders 1-2 Hectare Total Area,"small land holders to total land holders,Small Landholders Total",Male Semi Medium Agricultural Land Holders 2-4 Hectares Sc Numbers,Female Semi Medium Agricultural Land Holders 2-4 Hectares Sc Numbers,Institution Semi Medium Agricultural Land Holders 2-4 Hectares Sc Numbers,Total Semi Medium Agricultural Land Holders 2-4 Hectares Sc Numbers,Male Semi Medium Agricultural Land Holders 2-4 Hectares Sc Area,Female Semi Medium Agricultural Land Holders 2-4 Hectares Sc Area,Institutions Semi Medium Agricultural Land Holders 2-4 Hectares Sc Area,Total Semi Medium Agricultural Land Holders 2-4 Hectares Sc Area,Male Semi Medium Agricultural Land Holders 2-4 Hectares St Numbers,Female Semi Medium Agricultural Land Holders 2-4 Hectares St Numbers,Institution Semi Medium Agricultural Land Holders 2-4 Hectares St Numbers,Total Semi Medium Agricultural Land Holders 2-4 Hectares St Numbers,Male Semi Medium Agricultural Land Holders 2-4 Hectares St Area,Female Semi Medium Agricultural Land Holders 2-4 Hectares St Area,Institutions Semi Medium Agricultural Land Holders 2-4 Hectares St Area,Total Semi Medium Agricultural Land Holders 2-4 Hectares St Area,Male Semi Medium Agricultural Land Holders 2-4 Hectares Others Numbers,Female Semi Medium Agricultural Land Holders 2-4 Hectares Others Numbers,Institution Semi Medium Agricultural Land Holders 2-4 Hectares Others Numbers,Total Semi Medium Agricultural Land Holders 2-4 Hectares Others Numbers,Male Semi Medium Agricultural Land Holders 2-4 Hectares Others Area,Female Semi Medium Agricultural Land Holders 2-4 Hectares Others Area,Institutions Semi Medium Agricultural Land Holders 2-4 Hectares Others Area,Total Semi Medium Agricultural Land Holders 2-4 Hectares Others Area,"semi medium land holders to total land holders,Semi-Medium Landholders Total",Male Medium Agricultural Land Holders 4-10 Hectares Sc Numbers,Female Medium Agricultural Land Holders 4-10 Hectares Sc Numbers,Institution Medium Agricultural Land Holders 4-10 Hectares Sc Numbers,Total Medium Agricultural Land Holders 4-10 Hectares Sc Numbers,Male Medium Agricultural Land Holders 4-10 Hectares Sc Area,Female Medium Agricultural Land Holders 4-10 Hectares Sc Area,Institutions Medium Landholders 4-10 Ha Sc Area,Total Medium Landholders 4-10 Ha Sc Area,Male Medium Landholders 4-10 Ha St Numbers,Female Medium Landholders 4-10 Ha St Numbers,Institution Medium Landholders 4-10 Ha St Numbers,Total Medium Landholders 4-10 Ha St Numbers,Male Medium Landholders 4-10 Ha St Area,Female Medium Landholders 4-10 Ha St Area,Institutions Medium Landholders 4-10 Ha St Area,Total Medium Landholders 4-10 Ha St Area,Male Medium Landholders 4-10 Ha Others Numbers,Female Medium Landholders 4-10 Ha Others Numbers,Institution Medium Landholders 4-10 Ha Others Numbers,Total Medium Landholders 4-10 Ha Others Numbers,Male Medium Landholders 4-10 Ha Others Area,Female Medium Landholders 4-10 Ha Others Area,Institutions Medium Landholders 4-10 Ha Others Area,Total Medium Landholders 4-10 Ha Others Area,Male Medium Landholders 4-10 Ha Total Numbers,Female Medium Landholders 4-10 Ha Total Numbers,Institution Medium Landholders 4-10 Ha Total Numbers,Total Medium Landholders 4-10 Ha Total Numbers,Male Medium Landholders 4-10 Ha Total Area,Female Medium Landholders 4-10 Ha Total Area,Institutions Medium Landholders 4-10 Ha Total Area,Total Medium Landholders 4-10 Ha Total Area,% of medium land holders to total land holders Medium Agricultural Land Holders 4-10 Hectares Total,Male Large Agricultural Land Holders More than 10 Hectare Numbers,Female Large Agricultural Land Holders More than 10 Hectare Numbers,Institution Large Agricultural Land Holders More than 10 Hectare Numbers,Total Large Agricultural Land Holders More than 10 Hectare Numbers,Male Large Agricultural Land Holders More than 10 Hectare Area,Female Large Agricultural Land Holders More than 10 Hectare Area,Institutions Large Agricultural Land Holders More than 10 Hectare Area,Total Large Agricultural Land Holders More than 10 Hectare Area,Male Large Agricultural Land Holders More than 10 Hectar Numbers,Female Large Agricultural Land Holders More than 10 Hectar Numbers,Institution Large Agricultural Land Holders More than 10 Hectar Numbers,Total Large Agricultural Land Holders More than 10 Hectar Numbers,Male Large Agricultural Land Holders More than 10 Hectar Area,Female Large Agricultural Land Holders More than 10 Hectar Area,Institutions Large Agricultural Land Holders More than 10 Hectar Area,Total Large Agricultural Land Holders More than 10 Hectar Area,Male Large Agricultural Land Holders More than 10 Hectares Numbers,Female Large Agricultural Land Holders More than 10 Hectares Numbers,Institution Large Agricultural Land Holders More than 10 Hectares Numbers,Total Large Agricultural Land Holders More than 10 Hectares Numbers,Male Large Agricultural Land Holders More than 10 Hectares Area,Female Large Agricultural Land Holders More than 10 Hectares Area,Institutions Large Agricultural Land Holders More than 10 Hectares Area,Total Large Agricultural Land Holders More than 10 Hectares Area,% of large land holders to total land holders Large Agricultural Land Holders More than 10 Hectares,Male Total Landholders Sc Numbers,Female Total Landholders Sc Numbers,Institution Total Landholders Sc Numbers,Total Total Landholders Sc Numbers,Male Total Landholders Sc Area,Female Total Landholders Sc Area,Institutions Total Landholders Sc Area,Total Total Landholders Sc Area,Male Total Landholders St Numbers,Female Total Landholders St Numbers,Institution Total Landholders St Numbers,Total Total Landholders St Numbers,Male Total Landholders St Area,Female Total Landholders St Area,Institutions Total Landholders St Area,Total Total Landholders St Area,Male Total Landholders Others Numbers,Female Total Landholders Others Numbers,Institution Total Landholders Others Numbers,Total Total Landholders Others Numbers,Male Total Landholders Others Area,Female Total Landholders Others Area,Institutions Total Landholders Others Area,Total Total Landholders Others Area,Male Total Landholders Total Numbers,Female Total Landholders Total Numbers,Institution Total Landholders Total Numbers,Total Total Landholders Total Numbers,Male Total Landholders Total Area,Female Total Landholders Total Area,Institutions Total Landholders Total Area,Total Total Landholders Total Area
Bengaluru(U),217410,5055,2.33,125426,4911,130337,59.95,3889,5674,2.61,7648,17211,17043,6730,23773,41034,2949,43983,18.87,0.0,0,0,833,0,0,39,0,0,8749,18054,15678,0,0,0,0,0,18054,15678,38.21,361,365,9,1207,10661,3,26,12632,461,1096,7,5,620,72,12,7,2280,14912,33.9,1672,87,1,0,5,7,10,4,0,37,151,0.34,480.0,1160.0,18.0,0.0,671.0,540.0,471.0,81.0,81.0,0.0,0.0,1.0,3503.0,699.0,38.0,186.0,571.0,0.0,199.0,237.0,127.0,63.0,34.0,40.0,324.0,24.0,38.0,151.0,8.0,69.0,232.0,27.0,150.0,648.0,130.0,3995.0,14,30,1,19,910,1908,401,40,1984,501,8,3740,16982,3,25,23243,279,507,3,2,387,25,6,6,1215,24458,0.19,60,1,0,3,4,0,4,2,74,2565,13513,716,0,0,1,10.0,17159,20746,228,0,13291,18034,6739,47,1896,1214,35735,3071,10390,840,704,982,5976,1325,5784,1446,956,3261,1677,1090,1012,1937,638,487,508,341,657,365,509,865,561,1727,680,351,90.0,865,0.0,240.54,0.78,0,0.0,10,10920.0,10,10920.0,15626,8534,3863,28023,1.28,47.97,0.0,0.0,339.43,23.5,0.0,0.0,26.29,0.0,0.0,18.21,66.5,0.0,521.9,0.07,2,2,4,1066.75,1267.97,229,106,23,1294,1423,6492.08,2,16,1,226,243,30,0,1336,1366,0,0,0,80,110,3914,1262,0,5176,1706.77,542.52,0.0,2249.29,773,249,0,1022,321.19,104.76,0.0,425.95,60291,16585,0,76876,27265.68,7269.27,0.0,34534.95,64978,18096,6,83080,29293.64,7916.55,2.47,37212.66,77.48,605,176,0,781,820.63,242.01,0.0,1062.64,117,45,0,162,158.37,60.97,0.0,219.34,12714,3394,0,16108,17295.56,4620.78,0.0,21916.34,13436,3615,5,17056,18274.56,4923.76,6.6,23204.92,15.91,117,26,0,143,285.06,62.64,0.0,347.7,24,6,0,30,61.72,15.42,0.0,77.14,4442,1124,0,5566,11701.6,2935.53,0.0,14637.13,5.35,14,2,0,16,69.36,9.44,0.0,78.8,5,0,0,5,22.83,0.0,0.0,22.83,1014,242,0,1256,5428.25,1245.94,0.0,6674.19,1033,244,1,1278,5520.44,1255.38,5.68,6781.5,1.19,2,1,0,3,25.55,16.75,0.0,42.3,1,0,0,1,10.47,0.0,0.0,10.47,65,11,0,76,861.15,123.19,0.0,984.34,0.07,4652,1467,0,6119,2907.37,873.36,0.0,3780.73,920,300,0,1220,574.58,181.15,0.0,755.73,78526,21356,0,99882,62552.24,16194.71,0.0,78746.95,84098,23123,13,107234,66034.19,17249.22,17.47,83300.88
Bengaluru(R),229519,11322,4.93,47082,11124,58206,25.36,3898,3879,1.69,673,8450,18575,16043,34618,116923,1477,118400,50.94,0.0,0,0,1031,0,0,5963,0,0,18675,32572,31095,0,0,0,0,0,32572,31095,26.59,265,546,11,10504,42344,1,3,53674,815,2079,11,7,480,51,81,9,3533,57207,48.32,1548,162,1,1,12,1,7,0,2,5,191,0.16,954.0,5214.0,35.0,0.0,795.0,1069.0,461.0,160.0,102.0,2.0,1.0,23.0,8816.0,1218.0,204.0,273.0,774.0,9.0,195.0,226.0,141.0,57.0,51.0,156.0,178.0,116.0,120.0,257.0,66.0,118.0,268.0,70.0,294.0,15.0,221.0,5027.0,3,59,3,4,3720,3116,2924,56,1210,750,10,33282,69522,1,3,104778,782,1104,5,2,289,19,39,9,2249,107027,0.84,106,1,1,7,1,0,0,1,117,5044,22069,5222,0,0,15,0.0,32167,60312,1181,0,19685,41488,4930,1403,7635,4400,55568,3824,20745,818,579,2451,6149,13073,4806,1446,956,3335,1729,1090,1053,2055,1010,559,508,341,656,392,509,963,673,1970,661,351,90.0,865,0.0,514.0,1.83,0,0.0,2,15000.0,2,15000.0,10884,8595,2303,21782,0.99,40.87,0.0,0.0,1129.49,439.25,0.0,23.9,53.14,0.0,0.0,17.73,87.0,0.0,1791.38,0.24,2,5,7,7032.09,3937.39,522,246,388,5990,6624,12148.16,1,134,63,424,621,23,21,1140,1184,0,0,0,355,190,11942,3540,0,15482,4861.24,1481.19,0.0,6342.43,3915,1076,0,4991,1625.82,461.72,0.0,2087.54,100351,27952,0,128303,37751.54,10337.13,0.0,48088.67,116208,32568,84,148860,44238.6,12280.04,29.84,56548.48,76.99,2154,594,0,2748,2925.51,799.64,0.0,3725.15,985,229,0,1214,1334.41,309.44,0.0,1643.85,21093,5416,0,26509,28859.95,7392.74,0.0,36252.69,24232,6239,24,30495,33119.87,8501.82,34.42,41656.11,15.77,532,120,0,652,1369.1,322.54,0.0,1691.64,309,53,0,362,811.87,141.26,0.0,953.13,8026,1796,0,9822,21272.62,4730.81,0.0,26003.43,5.61,80,11,0,91,414.08,60.76,0.0,474.84,101,15,0,116,545.66,83.57,0.0,629.23,2215,430,0,2645,12248.18,2339.66,0.0,14587.84,2396,456,9,2861,13207.92,2483.99,68.81,15760.72,1.48,6,2,0,8,67.34,23.41,0.0,90.75,2,0,0,2,24.96,0.0,0.0,24.96,213,49,0,262,3027.92,683.43,0.0,3711.35,0.14,14714,4267,0,18981,9637.27,2687.54,0.0,12324.81,5312,1373,0,6685,4342.72,995.99,0.0,5338.71,131898,35643,0,167541,103160.21,25483.77,0.0,128643.98,151924,41283,140,193347,117140.2,29167.3,301.5,146609.0
Ramanagara,355912,69946,19.65,29675,24339,54014,15.18,1178,24662,6.93,3950,29790,26606,23444,50050,152112,10145,162257,42.74,178.0,8617,7641,808,391,360,12323,0,0,40254,41637,38711,4,60,60,0,0,50705,46772,30.75,3174,1703,7,3326,50308,1,15,58534,1379,7312,6,20,940,292,70,16,10035,68569,42.26,412,1169,1,3,149,287,11,5,0,0,1625,1.0,1578.0,32651.0,57.0,0.0,89.0,5.0,425.0,37.0,161.0,7.0,1.0,147.0,35158.0,230.0,101.0,34.0,135.0,0.0,13.0,27.0,14.0,7.0,1.0,0.0,2.0,0.0,38.0,206.0,0.0,4.0,2.0,0.0,0.0,416.0,5.0,1235.0,1,278,1,15,2176,30248,1811,334,10358,2339,6,8328,84621,1,13,105667,760,3815,3,6,633,98,34,14,5363,111030,0.87,1273,1,2,93,256,0,5,2,1631,23769,155786,3234,1,0,5,3.09,277534,42606,573,0,1335,56,3187,220,6440,18,2756,1100,1625,1,12,617,65,800,3435,1446,956,2636,1771,1090,912,1900,580,549,508,341,709,354,509,861,563,1704,1056,351,90.0,865,3.09,414.55,1.63,0,0.0,3,30186.0,3,30186.0,16043,2539,1053,19635,0.9,526.78,0.0,0.0,1142.35,111.2,0.0,0.0,73.24,0.0,0.0,48.72,23.2,0.0,1925.49,0.26,3,1,4,19275.06,19718.44,1298,2033,182,25991,28206,68728.64,7,235,17,935,1187,13,7,5246,5266,0,0,0,830,671,12557,3435,0,15992,5091.01,1475.98,0.0,6566.99,1940,610,0,2550,838.04,261.31,0.0,1099.35,152618,41921,0,194539,54015.71,15507.4,0.0,69523.11,167115,45966,319,213400,59944.76,17244.69,105.42,77294.87,79.31,2086,621,0,2707,2827.11,856.64,0.0,3683.75,418,117,0,535,559.59,154.85,0.0,714.44,27671,7654,0,35325,37178.28,10307.0,0.0,47485.28,30175,8392,57,38624,40564.98,11318.49,80.49,51963.96,14.35,576,132,0,708,1441.1,336.19,0.0,1777.29,110,31,0,141,285.18,75.67,0.0,360.85,10424,2784,0,13208,27034.3,7187.65,0.0,34221.95,5.24,55,12,0,67,272.84,81.19,0.0,354.03,26,2,0,28,153.81,11.04,0.0,164.85,2143,475,0,2618,11495.92,2591.15,0.0,14087.07,2224,489,24,2737,11922.57,2683.38,154.53,14760.48,1.02,1,0,0,1,10.35,0.0,0.0,10.35,1,1,0,2,10.89,14.54,0.0,25.43,148,30,0,178,2063.71,411.94,0.0,2475.65,0.08,15275,4200,0,19475,9642.41,2750.0,0.0,12392.41,2495,761,0,3256,1847.51,517.41,0.0,2364.92,193004,52864,0,245868,131787.92,36005.14,0.0,167793.06,210774,57825,472,269071,143277.84,39272.55,1292.51,183842.9
Chitradurga,770702,73719,9.57,55506,25403,80909,10.5,21612,88740,11.51,11317,121669,78087,75903,153990,340415,79486,419901,44.17,143.0,0,0,368,0,0,12031,0,0,60944,132665,105698,107,0,0,0,0,132665,105698,31.05,843,4173,1912,104566,21586,231,6406,139717,4054,3889,23,4262,1124,235,36624,27,50238,189955,45.24,1866,75074,1083,1129,305,147,0,20,28,0,77786,18.52,5109.0,2610.0,102.0,0.0,58.0,0.0,737.0,5337.0,650.0,8.0,248.0,342.0,15201.0,2120.0,358.0,157.0,88.0,23.0,79.0,161.0,28.0,43.0,20545.0,40.0,215.0,3.0,58.0,3445.0,6.0,0.0,0.0,47.0,31.0,342.0,172.0,27961.0,9483,15,14,9490,38220,52903,34385,179,2335,2950,783,224519,21571,176,6506,258839,1806,2465,11,923,695,73,15170,8,21151,279990,2.19,30623,721,594,175,132,6,20,0,32270,1282,343102,75946,0,152,3,6.8,113728,25745,2011,0,754,0,7293,60064,47993,0,36351,9275,1016,191,427687,34147,1130,5988,2916,744,431,2260,1052,800,1069,1950,469,667,508,228,651,327,436,304,443,1552,437,312,90.0,865,2.6,1767.2,14.84,0,0.0,3,12100.0,3,12100.0,18804,11729,7277,37810,1.72,0.0,120.6,364.23,2826.45,1753.1,139.71,20427.6,347.37,0.0,15.16,83.4,29450.6,118.78,55721.0,7.41,6,4,10,1979.19,845.55,282,195,281,1869,2345,2947.2,0,44,37,271,352,105,234,2178,2517,0,0,0,310,346,15676,5126,0,20802,8998.85,3144.77,0.0,12143.62,11895,4732,0,16627,6723.86,2827.7,0.0,9551.56,62312,19293,0,81605,32712.89,10506.32,0.0,43219.21,89883,29151,351,119385,48435.6,16478.79,175.31,65089.7,39.47,13013,4067,0,17080,18431.51,5784.01,0.0,24215.52,12132,4626,0,16758,17317.04,6590.32,0.0,23907.36,47718,15281,0,62999,67543.11,21734.12,0.0,89277.23,72863,23974,207,97044,103291.66,34108.45,298.09,137698.2,32.08,5656,1774,0,7430,14429.78,4475.76,0.0,18905.54,7161,2656,0,9817,19029.36,7071.94,0.0,26101.3,31109,9259,0,40368,84116.57,24928.16,0.0,109044.73,19.1,1447,450,0,1897,8020.67,2438.31,0.0,10458.98,2921,1016,0,3937,16452.93,5798.92,0.0,22251.85,14422,4231,0,18653,83116.67,24415.6,0.0,107532.27,18790,5697,145,24632,107590.27,32652.83,866.45,141109.55,8.14,148,38,0,186,2063.6,566.38,0.0,2629.98,451,175,0,626,6708.11,2709.22,0.0,9417.33,2096,681,0,2777,30043.93,9654.3,0.0,39698.23,1.21,35940,11455,0,47395,51944.41,16409.23,0.0,68353.64,34560,13205,0,47765,66231.3,24998.1,0.0,91229.4,157657,48745,0,206402,297533.17,91238.5,0.0,388771.67,228157,73405,943,302505,415708.88,132645.83,4904.76,553259.47
Davanagere,454573,67688,14.89,28742,6340,35082,7.72,5254,11025,2.43,3773,20052,7363,774,8137,323614,65821,389435,71.19,185.0,134365,89708,357,0,0,2660,0,0,49275,76748,68487,1500,11481,8416,0,0,222594,166611,51.48,125676,3315,470,132066,7572,209,133,269441,4750,214,23,31,283,1425,3614,31,10371,279812,71.85,342,13381,356,18,9,22,1,4,0,78,13869,3.56,4073.0,3345.0,66.0,0.0,30.0,0.0,351.0,473.0,279.0,0.0,57.0,76.0,8750.0,4031.0,314.0,192.0,283.0,84.0,296.0,114.0,87.0,146.0,5214.0,68.0,47.0,32.0,327.0,1150.0,13.0,42.0,9.0,67.0,7.0,3314.0,360.0,16197.0,3038,890,75,3062,63575,7979,62501,1194,618034,4912,276,328067,8675,216,126,960306,4955,141,12,10,180,378,1655,11,7342,967648,7.57,14367,392,11,5,34,0,4,0,14813,99769,53517,116451,1,2665,10,57.2,101494,32198,984,0,178,0,3402,5616,15737,170,146646,6285,1975,488,101430,31603,1502,8558,5177,1560,618,2615,1206,1090,997,3752,1098,691,549,341,671,279,482,372,745,3640,1131,332,118.0,865,0.0,291.4,2.95,0,0.0,0,0.0,0,0.0,54565,32775,11219,98559,4.49,1269.41,0.0,55.08,270.92,2234.03,0.0,9816.86,124.84,0.0,0.0,292.66,5093.0,0.0,19156.8,2.55,5,4,9,285.05,175.4,96,34,55,297,386,611.41,1,22,9,96,127,10,7,437,454,13,15,28,43,71,12564,3796,0,16360,6455.09,2036.23,0.0,8491.32,9517,3018,0,12535,4788.26,1584.21,0.0,6372.47,70778,20473,0,91251,34145.72,10179.21,0.0,44324.93,92859,27287,418,120564,45389.07,13799.65,199.55,59388.27,52.61,6942,2142,0,9084,9427.52,2884.72,0.0,12312.24,5663,1831,0,7494,7863.56,2513.5,0.0,10377.06,37837,10737,0,48574,52418.46,14928.25,0.0,67346.71,50442,14710,223,65375,69709.54,20326.47,316.6,90352.61,28.53,2478,693,0,3171,6302.37,1771.08,0.0,8073.45,2506,734,0,3240,6603.76,1927.03,0.0,8530.79,20735,5331,0,26066,55266.16,14271.28,0.0,69537.44,14.24,462,156,0,618,2426.55,859.56,0.0,3286.11,681,187,0,868,3667.34,1034.53,0.0,4701.87,6591,1667,0,8258,36462.5,9110.01,0.0,45572.51,7734,2010,104,9848,42556.39,11004.1,595.34,54155.83,4.3,23,5,0,28,339.45,58.26,0.0,397.71,58,16,0,74,767.45,200.42,0.0,967.87,473,126,0,599,6320.23,1781.22,0.0,8101.45,0.33,22469,6792,0,29261,24950.98,7609.85,0.0,32560.83,18425,5786,0,24211,23690.37,7259.69,0.0,30950.06,136414,38334,0,174748,184613.07,50269.97,0.0,234883.04,177308,50912,959,229179,233254.42,65139.51,3034.64,301428.57
Kolara,374966,20620,5.5,47503,28870,76373,20.37,6397,37418,9.98,7009,50824,20232,3748,23980,203169,28206,231375,54.18,0.0,0,0,2055,0,0,27207,0,0,80959,62619,51702,0,0,0,0,0,62619,51702,25.45,3223,1088,98,1098,44120,0,289,49916,2053,10194,8,43,5354,216,33,33,17934,67850,29.32,1422,12104,1,0,30,11,64,3,0,51,12264,5.3,636.0,48443.0,58.0,0.0,438.0,30.0,220.0,145.0,249.0,0.0,7.2,0.0,50226.2,16328.0,1063.0,224.0,3335.0,126.0,1836.0,137.0,94.0,1060.0,360.0,829.0,1499.0,1635.0,346.0,1386.0,63.0,49.0,5983.0,87.0,825.0,2272.0,2637.0,42174.0,0,48,0,38,3160,1229,5,95,9032,1495,89,2887,43072,0,294,56869,876,3612,4,14,3301,82,16,29,7934,64803,0.51,6899,1,0,17,7,0,3,13,6939,4104,8704,9,0,0,21,0.0,20696,413817,1505,0,7510,511,3390,1549,18037,253341,930418,33178,35784,896,7103,28458,32085,15963,2950,1446,956,2768,1028,0,1071,1199,449,373,508,341,649,398,509,898,466,1005,598,0,90.0,0,0.0,508.32,10.98,0,0.0,3,9000.0,3,9000.0,22279,14058,5006,41343,1.88,1286.0,0.0,0.0,1486.6,51.0,0.0,0.0,116.95,0.0,0.0,61.95,1157.22,0.0,4159.72,0.55,0,2,2,19616.74,10062.45,1477,1838,912,16329,19079,44.55,3,149,68,575,792,1548,513,8275,10336,14,9,23,953,743,33432,7502,0,40934,13306.88,2984.22,0.0,16291.1,8330,1772,0,10102,3371.22,707.32,0.0,4078.54,145517,32340,0,177857,54540.25,12000.01,0.0,66540.26,187279,41614,190,229083,71218.35,15691.55,65.0,86974.9,75.41,7074,1494,0,8568,9612.64,2004.33,0.0,11616.97,2077,426,0,2503,2846.34,571.67,0.0,3418.01,33895,6926,0,40821,46622.15,9505.78,0.0,56127.93,43046,8846,58,51950,59081.13,12081.78,84.14,71247.05,17.1,1753,291,0,2044,4487.97,728.97,0.0,5216.94,628,96,0,724,1640.75,244.52,0.0,1885.27,13249,2276,0,15525,35339.92,5988.75,0.0,41328.67,6.03,205,33,0,238,1071.98,175.6,0.0,1247.58,111,11,0,122,586.17,56.18,0.0,642.35,3209,485,0,3694,17588.02,2628.67,0.0,20216.69,3525,529,15,4069,19246.17,2860.45,89.08,22195.7,1.34,8,2,0,10,122.28,33.35,0.0,155.63,4,0,0,4,57.06,0.0,0.0,57.06,267,62,0,329,3961.06,808.49,0.0,4769.55,0.11,42472,9322,0,51794,28601.75,5926.47,0.0,34528.22,11150,2305,0,13455,8501.54,1579.69,0.0,10081.23,196137,42089,0,238226,158051.4,30931.7,0.0,188983.1,249759,53716,291,303766,195154.69,38437.86,489.35,234081.9
Chikkaballapura,404501,49704,12.29,32743,34302,67045,16.57,9033,55550,13.73,6482,71065,23964,26300,50264,166423,9334,175757,41.14,0.0,0,0,1981,0,0,733,0,0,29758,56173,50164,21,0,0,0,0,56173,50164,30.14,584,14887,210,32799,32347,4,31,80862,4417,5325,7,147,1360,70,690,9,12025,92887,52.85,2585,24982,0,13,21,3,22,8,24,0,25073,14.27,947.0,11083.0,67.0,0.0,471.0,2718.0,170.0,283.0,219.0,0.0,36.0,95.0,16089.0,4248.0,410.0,157.0,648.0,8.0,296.0,178.0,104.0,70.0,1072.0,545.0,526.0,81.0,63.0,478.0,47.0,108.0,2100.0,212.0,292.0,612.0,76.0,12331.0,118,132,2,122,2055,591,422,1011,2854,20450,191,49971,27205,4,28,100704,1229,1567,3,48,787,26,334,5,4000,104704,0.82,12058,0,8,5,2,5,8,4,12089,11286,4186,754,0,0,259,0.0,18134,84585,1415,0,8936,62741,2065,3653,16880,43868,203325,9591,8347,90,22871,5209,947,13918,5144,1446,956,1604,883,1090,951,1311,293,310,508,341,609,398,509,542,350,1187,508,351,90.0,865,0.0,68.44,6.96,0,0.0,2,3700.0,2,3700.0,15669,11062,3826,30557,1.39,0.0,0.0,0.0,1328.0,2039.0,0.0,0.0,316.0,0.0,0.0,34.0,2628.0,0.0,6345.0,0.84,4,9,13,20666.13,12269.4,1168,1377,1555,15838,18770,42764.98,4,194,88,509,791,1,0,336,337,3,2,5,350,444,26038,6865,0,32903,10763.41,2903.37,0.0,13666.78,20215,5368,0,25583,8201.24,2274.34,0.0,10475.58,92595,21358,0,113953,36302.74,8620.17,0.0,44922.91,138848,33591,95,172534,55267.39,13797.88,37.34,69102.61,74.11,5843,1331,0,7174,7862.56,1763.33,0.0,9625.89,5010,1131,0,6141,6725.25,1510.82,0.0,8236.07,22441,4756,0,27197,30530.91,6452.08,0.0,36982.99,33294,7218,36,40548,45118.72,9726.23,49.26,54894.21,17.42,1638,402,0,2040,4210.97,1036.04,0.0,5247.01,1678,389,0,2067,4363.73,1004.85,0.0,5368.58,9277,1823,0,11100,24424.49,4715.65,0.0,29140.14,6.54,309,51,0,360,1626.42,256.72,0.0,1883.14,369,52,0,421,2031.91,277.96,0.0,2309.87,2837,444,0,3281,15904.75,2446.97,0.0,18351.72,3515,547,14,4076,19563.08,2981.65,64.35,22609.08,1.75,28,0,0,28,412.81,0.0,0.0,412.81,37,1,0,38,470.66,16.64,0.0,487.3,327,34,0,361,5194.54,478.27,0.0,5672.81,0.19,33856,8649,0,42505,24876.17,5959.46,0.0,30835.63,27309,6941,0,34250,21792.79,5084.61,0.0,26877.4,127477,28415,0,155892,112357.43,22713.14,0.0,135070.57,188642,44005,170,232817,159026.39,33757.21,383.05,193166.65
Shivamogga,847784,276855,32.66,88708,13312,102020,12.03,16311,163463,19.28,26868,206642,11140,6489,17629,244638,50130,294768,28.86,379.0,58265,45342,5977,74376,61884,7673,9979,8485,34888,53022,39984,4152,6842,5954,7937,6890,210421,168539,68.89,95087,182,2,66674,439,1,40,162425,23,125,8,269,37,86,11,26,585,163010,55.3,104,136,412,0,1,8,1,0,0,189,747,0.25,6332.0,3618.0,33.0,1475.0,8.0,0.0,324.0,5.0,42.0,4.0,58.0,258.0,12157.0,86.0,17.0,12.0,5.0,1.0,2.0,11.0,4.0,4.0,0.0,0.0,0.0,0.0,20.0,16.0,0.0,1.0,6.0,2.0,4.0,41.0,34.0,266.0,1494,1002,3,1502,8526,6036,92241,3008,367965,396,2,234634,533,0,44,603573,14,60,4,59,23,16,5,18,199,603772,4.72,99,896,0,1,5,0,0,0,1002,95190,42750,169305,12,21842,437,201.65,145993,54291,632,87385,184,0,3942,87385,3197,102,1575,399,65,9,0,228,555,445,4073,2285,956,3704,1279,0,1158,3912,638,504,526,231,654,196,509,699,358,3899,1890,351,100.0,865,0.58,3224.92,13.96,0,0.0,1,5000.0,1,5000.0,34440,21340,14661,70441,3.21,8978.11,0.0,3.45,86.9,1951.7,0.0,0.0,24.82,0.0,19.25,132.45,147.9,11.46,11356.04,1.51,7,15,22,230.57,96.01,103,31,0,338,369,316.91,1,3,0,49,52,20,0,440,460,0,0,0,0,24,10110,3400,0,13510,5213.89,1737.74,0.0,6951.63,2494,765,0,3259,1280.8,404.68,0.0,1685.48,99441,29848,0,129289,48028.76,14469.56,0.0,62498.32,112045,34013,248,146306,54523.45,16611.98,120.53,71255.96,62.54,4121,1430,0,5551,5709.32,1957.67,0.0,7666.99,981,276,0,1257,1346.77,381.76,0.0,1728.53,38999,11250,0,50249,53685.67,15588.22,0.0,69273.89,44101,12956,142,57199,60741.76,17927.65,196.03,78865.44,24.45,1027,302,0,1329,2630.6,781.97,0.0,3412.57,271,68,0,339,692.99,172.08,0.0,865.07,16330,4678,0,21008,43331.84,12388.95,0.0,55720.79,9.74,168,63,0,231,873.34,325.18,0.0,1198.52,69,12,0,81,404.23,58.4,0.0,462.63,5206,1333,0,6539,29252.95,7446.81,0.0,36699.76,5443,1408,55,6906,30530.52,7830.39,326.75,38687.66,2.95,6,0,0,6,73.0,0.0,0.0,73.0,1,1,0,2,17.07,12.21,0.0,29.28,561,141,0,702,8046.7,1992.46,0.0,10039.16,0.31,15432,5195,0,20627,14500.15,4802.56,0.0,19302.71,3816,1122,0,4938,3741.86,1029.13,0.0,4770.99,160537,47250,0,207787,182345.92,51886.0,0.0,234231.92,179785,53567,572,233924,200587.93,57717.69,1560.13,259865.75
Tumakuru,1064755,45177,4.24,90127,67539,157666,14.81,62642,76453,7.18,21540,160635,163575,23608,187183,514094,81247,595341,48.28,87.0,0,0,1642,624,624,39556,658,658,132718,200087,180595,9,0,0,0,0,201369,181877,35.38,6958,2158,178,29469,132078,6,2068,172915,10507,23053,170,2777,2682,1620,703,23,41535,214450,36.02,2250,64129,97,43,553,63,2,11,473,3,65374,10.98,4226.0,22129.0,168.0,1.0,183.0,104.0,529.0,5051.0,367.0,34.0,137.0,706.0,33635.0,3521.0,311.0,87.0,498.0,2.0,30.0,48.0,48.0,34.0,340.0,1.0,4.0,9.0,96.0,2045.0,2.0,12.0,22.0,73.0,25.0,93.0,80.0,7381.0,1512,616,25,1527,64713,183232,55148,627,28776,2583,165,40107,144586,6,919,217142,3573,9648,49,736,1654,329,361,15,16365,233507,1.83,36921,68,25,317,49,98,11,0,37490,52668,1305171,100294,3,0,33,0.0,125734,210128,3082,0,3239,1985,5232,39018,26428,248,97783,5633,2360,20,6155,14714,169,5471,4353,1258,976,1433,1152,1090,468,1322,358,441,303,279,649,214,540,653,415,1146,604,215,90.0,865,1.36,20.5,12.99,0,0.0,1,1500.0,1,1500.0,34019,17888,7945,59852,2.73,880.94,0.0,33.32,2672.71,636.47,0.0,848.4,435.56,47.66,244.9,119.07,21107.0,1.18,27027.21,3.6,10,32,42,4827.41,3281.11,1120,523,358,8381,9262,11436.43,6,143,50,568,761,638,569,15645,16852,0,0,0,533,862,25829,7248,0,33077,12152.12,3614.35,0.0,15766.47,12304,3789,0,16093,5910.16,1894.96,0.0,7805.12,197890,54043,0,251933,86344.12,23860.78,0.0,110204.9,236023,65080,329,301432,104406.4,29370.09,130.19,133906.68,58.46,11286,3110,0,14396,15818.42,4374.59,0.0,20193.01,6361,2009,0,8370,8939.44,2815.75,0.0,11755.19,79789,20553,0,100342,111653.18,28756.95,0.0,140410.13,97436,25672,108,123216,136411.04,35947.29,149.92,172508.25,23.9,4619,1224,0,5843,12097.27,3175.09,0.0,15272.36,3234,1007,0,4241,8635.15,2670.24,0.0,11305.39,44717,10448,0,55165,120842.92,28108.98,0.0,148951.9,12.67,1082,230,0,1312,5950.21,1262.54,0.0,7212.75,1145,285,0,1430,6437.72,1616.25,0.0,8053.97,16537,3619,0,20156,92668.12,20290.62,0.0,112958.74,18764,4134,28,22926,105056.05,23169.41,183.22,128408.68,4.45,108,27,0,135,1455.35,353.65,0.0,1809.0,107,41,0,148,1595.51,596.77,0.0,2192.28,1985,438,0,2423,30300.92,5994.94,0.0,36295.86,0.53,42924,11839,0,54763,47473.37,12780.22,0.0,60253.59,23151,7131,0,30282,31517.98,9593.97,0.0,41111.95,340918,89101,0,430019,441809.26,107012.27,0.0,548821.53,406993,108071,539,515603,520800.61,129386.46,1089.03,651276.1
Chikkamagaluru,722075,202028,27.98,43638,28322,71960,9.97,19322,83837,11.61,19535,122694,23128,25089,48217,277176,127416,404592,38.39,50.0,9603,6573,1561,9124,9124,426,167,167,32666,39958,39116,4075,79,79,20357,20325,79288,75384,27.2,19417,13399,34,20592,26956,3,2544,82945,332,8085,844,3994,808,914,13595,186,28758,111703,27.61,118,4972,1716,1,37,2605,2,6,1,32,9372,2.32,1621.0,2819.0,21.0,0.0,7.0,3.0,69.0,810.0,16.0,85.0,19.0,199.0,5669.0,1796.0,114.0,39.0,207.0,5.0,115.0,67.0,11.0,30.0,5744.0,231.0,68.0,43.0,27.0,0.0,0.0,6.0,4146.0,79.0,57.0,206.0,31.0,13022.0,1688,448,3,1690,35724,55114,60660,101048,73185,11857,31,60272,32983,3,1393,179724,201,6427,202,1218,498,339,9751,184,18820,198544,1.55,5220,1231,1,21,2292,0,6,0,8771,34048,480862,67140,38,257896,26,154.09,62021,43263,6950,1406,1234,75,13151,4154,5652,62151,29743,5805,3030,250,101558,6116,3429,13253,3968,931,956,3081,1288,1090,1487,2281,638,837,252,321,649,390,755,1006,689,1871,989,294,80.0,865,0.0,904.12,15.6,0,0.0,1,1000.0,1,1000.0,32602,19032,19680,71314,3.25,1754.25,0.0,401.02,1536.7,2252.5,0.0,4743.4,41.72,10.5,33.1,50.1,897.84,95.6,11816.73,1.57,6,6,12,75.75,26.81,59,14,3,104,121,80.4,0,1,0,17,18,7,0,41,48,2,1,3,13,16,12508,2974,0,15482,6358.44,1553.85,0.0,7912.29,1810,499,0,2309,935.79,262.2,0.0,1197.99,94514,21148,0,115662,43265.09,9944.96,0.0,53210.05,108832,24621,593,134046,50559.32,11761.01,261.68,62582.01,58.62,5174,1142,0,6316,7197.26,1566.2,0.0,8763.46,844,180,0,1024,1183.6,255.65,0.0,1439.25,39713,8555,0,48268,54387.36,11864.15,0.0,66251.51,45731,9877,259,55867,62768.22,13686.0,360.0,76814.22,24.43,1518,335,0,1853,3804.74,821.23,0.0,4625.97,304,66,0,370,760.78,157.95,0.0,918.73,20765,4223,0,24988,55120.25,11116.46,0.0,66236.71,12.0,170,36,0,206,877.2,181.08,0.0,1058.28,42,12,0,54,226.96,78.28,0.0,305.24,7547,1574,0,9121,42825.77,8877.69,0.0,51703.46,7759,1622,123,9504,43929.93,9137.05,713.95,53780.93,4.16,3,4,0,7,39.59,56.35,0.0,95.94,3,3,0,6,33.69,48.15,0.0,81.84,1333,274,0,1607,28594.69,6359.93,0.0,34954.62,0.79,19373,4491,0,23864,18277.23,4178.71,0.0,22455.94,3003,760,0,3763,3140.82,802.23,0.0,3943.05,163872,35774,0,199646,224193.16,48163.19,0.0,272356.35,186248,41025,1387,228660,245611.21,53144.13,13077.52,311832.86
Dakshina Kannada,477381,128476,26.91,71650,57506,129156,27.06,23198,7723,1.62,23144,54065,3365,2062,5427,160257,13630,173887,33.57,0.0,0,0,11,0,0,41218,39168,38166,14336,64145,59987,8,129,129,19088,18344,122530,116626,72.77,9374,0,4,0,0,3,0,9381,1,23,67,24,0,31,0,2,148,9529,5.48,42,0,0,0,0,0,0,0,0,20,20,0.01,2517.0,92.0,0.0,162.0,0.0,0.0,9.0,0.0,6.0,0.0,0.0,38.0,2824.0,0.0,17.0,29.0,0.0,0.0,0.0,17.0,27.0,0.0,0.0,0.0,0.0,0.0,27.0,14.0,12.0,2.0,0.0,13.0,0.0,89.0,62.0,309.0,0,7,1,0,5382,26691,84157,19291,40544,0,4,0,0,3,0,40551,1,12,22,5,0,10,0,1,51,40602,0.32,0,0,0,0,0,0,0,0,0,598,295263,140053,0,10538,4965,1298.0,47544,977,0,9273,0,0,53,0,344,0,0,421,0,0,0,83,1056,2486,4553,0,956,0,0,1090,0,4550,638,530,352,236,0,340,0,652,363,4485,0,0,90.0,865,0.49,12.45,7.96,0,0.0,1,2150.0,1,2150.0,10612,5313,8067,23992,1.09,894.5,0.0,0.0,0.0,0.0,0.0,0.0,0.0,0.2,0.0,0.0,0.0,0.0,894.7,0.12,13,7,20,18.7,1.06,31,3,5,35,43,3.73,1,0,0,1,1,0,0,0,0,0,0,0,0,0,5946,2386,0,8332,2267.74,910.97,0.0,3178.71,5189,1821,0,7010,2229.11,750.35,0.0,2979.46,93498,45663,0,139161,36413.12,17484.52,0.0,53897.64,104633,49870,482,154985,40909.97,19145.84,157.62,60213.43,74.18,760,365,0,1125,995.4,491.63,0.0,1487.03,1384,463,0,1847,1812.43,600.64,0.0,2413.07,23404,10232,0,33636,30962.27,13739.72,0.0,44701.99,25548,11060,113,36721,33770.1,14831.99,155.51,48757.6,17.58,87,48,0,135,205.71,118.79,0.0,324.5,232,108,0,340,557.21,255.66,0.0,812.87,8730,3996,0,12726,22390.32,10349.75,0.0,32740.07,6.36,2,3,0,5,10.47,13.32,0.0,23.79,19,2,0,21,92.06,14.58,0.0,106.64,2388,1096,0,3484,13269.22,6146.73,0.0,19415.95,2409,1101,39,3549,13371.75,6174.63,244.4,19790.78,1.7,0,0,0,0,0.0,0.0,0.0,0.0,0,0,0,0,0.0,0.0,0.0,0.0,246,105,0,351,4000.48,1752.35,0.0,5752.83,0.18,6795,2802,0,9597,3479.32,1534.71,0.0,5014.03,6824,2394,0,9218,4690.81,1621.23,0.0,6312.04,128266,61092,0,189358,107035.41,49473.07,0.0,156508.48,141885,66288,745,208918,115205.54,52629.01,2257.68,170092.23
Udupi,356446,100102,28.08,42567,11596,54163,15.2,38938,10618,2.98,43874,93430,897,11249,12146,96605,10982,107587,27.1,0.0,0,0,291,466,466,36805,40826,38890,533,1919,1919,2241,1851,1851,2391,2380,47453,45506,47.11,34608,4,0,2,0,1,0,34615,0,33,2447,194,0,159,0,2,2835,37450,34.81,142,1806,0,0,0,19,0,0,0,11,1836,1.71,933.0,338.0,3.0,377.0,2.0,0.0,88.0,0.0,0.0,0.0,55.0,12048.0,13844.0,0.0,98.0,146.0,0.0,0.0,0.0,11.0,6.0,0.0,0.0,0.0,0.0,0.0,66.0,0.0,9.0,12.0,0.0,50.0,0.0,133.0,325.0,856.0,0,24,4,16,22483,22567,21628,19282,150096,5,0,6,0,1,0,150109,0,17,1373,45,0,39,0,2,1476,151585,1.19,3647,0,0,0,12,0,0,0,3659,2052,393989,32310,0,4740,4836,53.8,12297,764,15,28970,21,0,180,0,619,0,0,1786,0,0,0,172,8350,3000,4565,1446,0,3158,0,1090,0,4565,0,530,591,244,0,258,0,1210,548,4261,2021,0,90.0,865,0.6,1720.0,18.72,0,0.0,0,0.0,0,0.0,2952,1702,2166,6820,0.31,2391.75,0.0,0.0,0.0,0.0,0.0,0.0,0.0,27.6,0.0,0.0,352.7,0.0,2772.05,0.37,3,4,7,28.36,2.62,24,1,33,27,61,9.82,0,0,0,0,0,0,16,5,21,0,0,0,1543,808,2382,1966,0,4348,825.0,648.0,0.0,1473.0,2378,1226,0,3604,1097.0,512.0,0.0,1609.0,79499,63863,0,143362,24692.0,19869.0,0.0,44561.0,84259,67055,343,151657,26614.0,21029.0,107.0,47750.0,79.87,313,239,0,552,410.0,318.0,0.0,728.0,688,295,0,983,899.0,391.0,0.0,1290.0,11768,10000,0,21768,15729.0,13409.0,0.0,29138.0,12769,10534,59,23362,17038.0,14118.0,89.0,31245.0,12.3,44,46,0,90,104.0,106.0,0.0,210.0,194,88,0,282,483.0,227.0,0.0,710.0,5699,4871,0,10570,15023.0,12854.0,0.0,27877.0,5.79,3,4,0,7,14.0,20.0,0.0,34.0,38,13,0,51,200.0,68.0,0.0,268.0,1869,1572,0,3441,10399.0,8680.0,0.0,19079.0,1910,1589,42,3541,10613.0,8768.0,260.0,19641.0,1.86,0,0,0,0,0.0,0.0,0.0,0.0,0,0,0,0,0.0,0.0,0.0,0.0,180,125,0,305,2929.0,1709.0,0.0,4638.0,0.17,2742,2255,0,4997,1353.0,1092.0,0.0,2445.0,3298,1622,0,4920,2679.0,1198.0,0.0,3877.0,99015,80431,0,179446,68772.0,56521.0,0.0,125293.0,105055,84308,519,189882,72804.0,58811.0,1524.0,133139.0
Hassan,662602,58775,8.87,80604,30365,110969,16.75,14142,32943,4.97,6963,54048,19313,20356,39669,399141,106541,505682,60.24,520.0,32254,30610,6066,16466,13760,952,361,262,46529,55356,45767,20,0,0,17959,15758,122396,106157,26.6,46801,12511,96,87526,72470,9,310,219723,1138,4359,1422,6449,2637,10501,1127,48,27681,247404,48.92,322,330,2,4,150,2518,143,24,0,49,3220,0.64,2005.0,1671.0,141.0,18.0,129.0,0.0,836.0,951.0,951.0,0.0,449.0,0.0,7151.0,3055.0,379.0,420.0,558.0,7.0,504.0,96.0,16.0,42.0,0.0,198.0,46.0,31.0,53.0,1696.0,24.0,0.0,12421.0,669.0,110.0,350.0,122.0,20797.0,48,2849,11116,51,47963,106749,7624,55039,165870,5004,87,237736,60587,9,38,469331,231,1416,531,1936,1664,3304,685,36,9803,479134,3.75,272,1,2,86,1186,0,24,37,1607,300427,333319,13616,68,353902,6,16.8,48988,13875,2613,850,2183,0,8748,8072,7787,130572,45066,9090,13602,533,543,30532,567,47296,3731,421,956,2859,880,1090,129,2248,214,342,393,316,664,331,640,753,373,2039,533,200,111.0,693,0.55,1211.0,9.62,1,120.0,7,51180.0,8,51300.0,41874,21296,15404,78574,3.58,6614.92,0.0,49.31,3328.3,9592.85,0.0,880.22,64.96,27.21,80.3,597.1,25.8,0.44,21261.41,2.83,7,12,19,1660.45,852.62,597,149,24,2280,2453,2971.78,1,12,9,96,117,34,17,2266,2317,0,0,0,92,252,37469,8276,0,45745,15676.14,3560.82,0.0,19236.96,4144,1030,0,5174,1700.2,469.31,0.0,2169.51,268917,72545,0,341462,100676.31,26957.42,0.0,127633.73,310530,81851,1026,393407,118052.65,30987.55,379.21,149419.41,72.95,10332,2593,0,12925,14191.25,3588.58,0.0,17779.83,1246,347,0,1593,1709.15,471.51,0.0,2180.66,70910,17407,0,88317,98720.12,24149.91,0.0,122870.03,82488,20347,349,103184,114620.52,28210.0,495.42,143325.94,19.13,2172,465,0,2637,5537.01,1181.31,0.0,6718.32,324,77,0,401,836.01,199.26,0.0,1035.27,24831,5281,0,30112,65620.1,13880.08,0.0,79500.18,6.18,318,32,0,350,1682.9,172.12,0.0,1855.02,36,7,0,43,189.78,35.47,0.0,225.25,6528,1357,0,7885,36285.29,7575.72,0.0,43861.01,6882,1396,104,8382,38157.97,7783.31,608.73,46550.01,1.55,17,0,0,17,220.73,0.0,0.0,220.73,3,0,0,3,2852.09,0.0,0.0,2852.09,757,145,0,902,14630.99,2058.71,0.0,16689.7,0.18,50308,11366,0,61674,37308.03,8502.83,0.0,45810.86,5753,1461,0,7214,7287.23,1175.55,0.0,8462.78,371943,96735,0,468678,315932.81,74621.84,0.0,390554.65,428004,109562,1735,539301,360528.07,84300.22,4484.35,449312.64
Kodagu,410775,134597,32.77,24299,24250,48549,11.82,7458,12009,2.92,14546,34013,1818,2413,4231,189385,65605,254990,46.1,92.0,1226,1226,1464,90,90,137,0,0,3284,70,70,11,55,40,50,25,1491,1451,0.77,19023,0,0,2237,62,2,10,21334,0,10,5,6,14,8,0,4,47,21381,8.39,5,8,0,0,0,0,1,0,0,75,84,0.03,830.0,26.0,0.0,0.0,11.0,0.0,35.0,0.0,2.0,1027.0,5.0,0.0,1936.0,0.0,3.0,1.0,3.0,0.0,1.0,0.0,0.0,0.0,0.0,0.0,0.0,0.0,1.0,97.0,0.0,0.0,1.0,0.0,7.0,42.0,4.0,160.0,0,0,0,10,74182,1082,7714,153528,79864,0,0,7030,75,2,11,86982,0,4,2,2,9,2,0,4,23,87005,0.68,7,0,0,0,0,0,0,0,7,0,7663,13777,37,271487,103,111.0,47150,585,8450,1980,2420,0,2030,0,2067,150,475,75,180,0,0,1620,160,60,4419,0,0,3308,1273,1090,1158,4292,0,443,508,341,649,263,0,931,515,4283,814,0,0.0,0,0.6,1186.61,1.77,0,0.0,0,0.0,0,0.0,19450,11490,15780,46720,2.13,2190.61,0.0,0.0,0.0,62.3,0.0,0.0,0.0,0.0,0.0,0.0,0.0,0.0,2252.91,0.3,3,1,4,15.2,4.65,14,1,1,25,27,0.0,1,0,0,0,0,0,0,0,0,0,0,0,0,0,2210,420,0,2630,1060.51,210.26,0.0,1270.77,656,96,0,752,302.92,49.5,0.0,352.42,21975,4800,0,26775,11012.92,2282.27,0.0,13295.19,24841,5316,147,30304,12376.35,2542.03,50.92,14969.3,44.46,444,78,0,522,589.64,106.21,0.0,695.85,221,56,0,277,285.56,71.69,0.0,357.25,12648,2290,0,14938,17537.33,3109.85,0.0,20647.18,13313,2424,86,15823,18412.53,3287.75,114.83,21815.11,23.21,171,10,0,181,439.55,22.65,0.0,462.2,62,10,0,72,167.37,23.43,0.0,190.8,10159,1515,0,11674,27588.44,4140.37,0.0,31728.81,17.55,44,1,0,45,233.96,4.33,0.0,238.29,22,5,0,27,106.13,28.63,0.0,134.76,6730,980,0,7710,39638.71,5709.06,0.0,45347.77,6796,986,33,7815,39978.8,5742.02,202.73,45923.55,11.47,1,0,0,1,13.59,0.0,0.0,13.59,5,0,0,5,69.39,0.0,0.0,69.39,1927,240,0,2167,36139.67,4691.9,0.0,40831.57,3.31,2870,509,0,3379,2337.25,343.45,0.0,2680.7,966,167,0,1133,931.37,173.25,0.0,1104.62,53439,9825,0,63264,131917.07,19933.45,0.0,151850.52,57275,10501,385,68161,135185.69,20450.15,8835.92,164471.76
Mandya,498244,24765,4.97,64762,21519,86281,17.32,41955,32049,6.43,3628,77632,28708,25633,54341,255225,71627,326852,51.22,780.0,105935,100225,630,29973,26844,11855,16289,12340,53539,28148,23331,103,419,419,2470,2157,183234,165316,64.77,68030,3257,13,3490,45314,1,86,120191,341,35110,520,302,2147,8430,117,43,47010,167201,51.15,1281,489,4,3,36,3024,213,66,0,15,3850,1.18,2178.0,2321.0,43.0,2.0,67.0,0.0,314.0,65.0,258.0,10.0,10.56,0.0,5268.56,1826.0,324.0,194.0,695.0,1.0,199.0,71.0,18.0,25.0,152.0,1.0,3.0,1.0,71.0,292.0,5.0,12.0,18.0,126.0,33.0,405.0,71.0,4543.0,4,34637,9,24,2461,61192,1842,184,329544,4474,12,10884,67639,0,96,412649,221,14817,253,95,1338,3115,57,38,19934,432583,3.38,357,3,2,21,2218,0,65,27,2691,3718282,429270,3290,7,0,2,30.78,46705,27576,1388,64,1193,1,5210,644,18668,322,78907,7221,6890,3,3339,3027,511,9822,5099,1446,956,3283,1571,0,1175,3614,681,444,512,331,656,389,509,889,446,2723,739,358,113.0,865,0.77,687.0,5.05,0,0.0,0,0.0,0,0.0,55945,17196,14628,87769,4.0,4135.37,0.0,0.0,751.83,316.65,0.0,0.0,7.48,8.97,5.55,74.95,120.0,0.0,5420.8,0.72,7,11,18,16462.63,21213.53,1138,1051,51,29982,31084,73823.29,3,30,0,385,415,10,1,95,106,0,0,0,0,0,24906,7643,0,32549,8865.59,2678.16,0.0,11543.75,2832,704,0,3536,974.04,235.76,0.0,1209.8,324191,104455,0,428646,105208.11,32460.3,0.0,137668.41,351929,112802,1555,466286,115047.74,35374.22,533.82,150955.78,83.02,3896,1075,0,4971,5252.0,1452.68,0.0,6704.68,523,98,0,621,705.73,133.85,0.0,839.58,50883,13215,0,64098,68147.52,17665.88,0.0,85813.4,55302,14388,376,70066,74105.25,19252.41,534.11,93891.77,12.48,827,180,0,1007,2107.45,461.07,0.0,2568.52,143,17,0,160,383.45,43.69,0.0,427.14,16802,3800,0,20602,42987.04,9666.17,0.0,52653.21,3.91,81,7,0,88,421.94,43.77,0.0,465.71,16,3,0,19,74.95,15.79,0.0,90.74,2499,404,0,2903,12963.02,2097.61,0.0,15060.63,2596,414,131,3141,13459.91,2157.17,778.97,16396.05,0.56,3,0,0,3,54.27,0.0,0.0,54.27,0,1,0,1,0.0,11.6,0.0,11.6,84,15,0,99,1083.36,224.53,0.0,1307.89,0.03,29713,8905,0,38618,16701.25,4635.68,0.0,21336.93,3514,823,0,4337,2138.17,440.69,0.0,2578.86,394459,121889,0,516348,230389.05,62114.49,0.0,292503.54,427686,131617,2348,561651,249228.47,67190.86,4193.07,320612.4
Mysuru,676382,62851,9.29,75279,47871,123150,18.21,21407,46808,6.92,6111,74326,50517,40774,91291,324764,132044,456808,48.01,1306.8,121139,101050,937,13622,8000,659,12038,6430,48626,36209,25327,3,0,0,1194,800,184202,141607,43.6,99744,9854,18,26257,46139,3,232,182247,3767,30805,13038,4463,15382,27655,648,56,95814,278061,60.87,785,1673,1108,21,763,1729,63,70,0,69,5496,1.2,13041.0,4270.0,22.0,2.0,95.0,0.0,363.0,38.0,196.0,7.76,298.0,90.0,18422.76,3780.0,597.0,386.0,1130.0,6.0,487.0,168.0,63.0,60.0,25.0,7.0,0.0,25.0,199.0,1642.0,30.0,8.0,16.0,222.0,246.0,351.0,115.0,9563.0,43453,9345,44109,43498,10903,23277,3130,879,450813,12049,16,84402,70599,3,259,618140,3457,16915,6936,2303,10948,10567,449,45,51620,669760,5.24,1774,1245,12,438,1608,0,69,12,5158,861142,246158,5590,1,247,3,167.62,242940,31558,220,121,1787,0,2772,443,8790,239,92453,11426,3165,27,594,23741,756,13663,4758,1287,956,3384,1611,1090,1175,3570,966,578,560,543,749,402,729,818,567,2535,1000,225,97.0,830,6.11,1402.68,9.27,0,0.0,4,10863.0,4,10863.0,40597,19390,17434,77421,3.53,9755.66,0.0,31.8,421.85,988.85,0.0,219.4,9.7,276.0,215.65,524.25,270.0,31.08,12744.24,1.7,7,6,13,2005.43,1172.89,674,238,162,2848,3248,3518.0,1,72,50,283,405,0,0,2281,2281,0,0,0,59,253,40650,12980,0,53630,17002.89,5911.86,0.0,22914.75,22632,6450,0,29082,9605.19,2852.94,0.0,12458.13,196526,56818,0,253344,82397.74,24640.18,0.0,107037.92,259808,76248,237,336293,109005.82,33404.98,107.71,142518.51,73.91,10193,3529,0,13722,13364.52,4654.47,0.0,18018.99,5903,1801,0,7704,7942.36,2411.28,0.0,10353.64,54121,15579,0,69700,69872.28,20067.26,0.0,89939.54,70217,20909,59,91185,91179.16,27133.01,82.83,118395.0,20.04,2161,750,0,2911,5469.99,1928.61,0.0,7398.6,1186,322,0,1508,3049.38,832.77,0.0,3882.15,15032,3646,0,18678,39042.22,9436.15,0.0,48478.37,5.09,272,83,0,355,1404.34,395.8,0.0,1800.14,176,24,0,200,910.44,119.3,0.0,1029.74,2916,641,0,3557,15495.14,3366.01,0.0,18861.15,3364,748,23,4135,17809.92,3881.11,143.27,21834.3,0.91,12,1,0,13,249.33,12.43,0.0,261.76,16,1,0,17,208.63,16.11,0.0,224.74,134,31,0,165,1941.11,406.87,0.0,2347.98,0.05,53288,17343,0,70631,37491.07,12903.17,0.0,50394.24,29913,8598,0,38511,21716.0,6232.4,0.0,27948.4,268729,76715,0,345444,208748.49,57916.47,0.0,266664.96,351930,102656,390,454976,267955.56,77052.04,2653.4,347661.0
Chamarajanagara,569901,275610,48.36,24646,21434,46080,8.09,7637,22750,3.99,4741,35128,54303,10196,64499,148584,35984,184568,26.07,187.0,10464,10464,155,665,665,3158,3659,2600,22915,68258,50188,5,0,0,0,0,83046,63917,43.02,10436,8845,503,29146,9061,1,94,58086,962,31496,1683,1349,1407,2129,4035,9,43070,101156,54.81,402,4437,6028,13,89,699,17,46,0,42,11371,6.16,13467.0,737.0,22.0,4.0,76.0,0.0,102.0,156.0,156.0,0.0,21.0,1.0,14742.0,4731.0,885.0,87.0,829.0,1.0,580.0,58.0,70.0,154.0,3477.0,348.0,30.0,11.0,179.0,996.0,1.0,4.0,592.0,48.0,194.0,0.0,0.0,13275.0,7097,7035,67,7151,11732,10554,703,407,55391,8941,1026,100762,13933,1,105,180159,442,17188,486,352,901,784,2338,6,22497,202656,1.58,5201,5801,8,51,442,0,45,3,11552,688375,74748,1256,0,235,0,5.68,308294,5872,862,0,1520,0,1270,1545,16200,8366,107095,11232,12230,132,119040,13174,4872,6667,5587,1064,2148,3639,1619,1090,1176,3265,484,574,304,275,674,388,610,656,550,2109,1073,215,103.0,865,0.6,69.95,0.29,0,0.0,0,0.0,0,0.0,27906,12157,13062,53125,2.42,1809.75,0.0,86.25,624.05,1619.71,0.0,1327.6,0.86,253.87,87.25,202.8,1441.7,738.5,8192.34,1.09,3,6,9,1263.27,233.79,278,249,43,1757,2049,814.93,5,59,3,57,119,3,0,78,81,0,0,0,27,78,24932,7118,0,32050,10194.28,3065.03,0.0,13259.31,8225,2049,0,10274,3176.01,896.31,0.0,4072.32,78807,20573,0,99380,34191.81,9240.03,0.0,43431.84,111964,29740,121,141825,47562.1,13201.37,54.54,60818.01,65.51,7375,2139,0,9514,10038.21,2891.2,0.0,12929.41,2273,602,0,2875,3070.71,819.8,0.0,3890.51,31776,7947,0,39723,43723.24,11064.43,0.0,54787.67,41424,10688,66,52178,56832.16,14775.43,91.42,71699.01,24.1,1830,464,0,2294,4549.39,1133.19,0.0,5682.58,804,153,0,957,2003.1,368.78,0.0,2371.88,12945,2511,0,15456,33361.2,6433.6,0.0,39794.8,8.66,193,48,0,241,1008.41,233.29,0.0,1241.7,116,17,0,133,602.81,78.44,0.0,681.25,2680,398,0,3078,14508.77,2147.22,0.0,16655.99,2989,463,28,3480,16119.99,2458.95,164.27,18743.21,1.61,11,2,0,13,141.83,25.05,0.0,166.88,4,2,0,6,47.57,22.96,0.0,70.53,182,41,0,223,2902.96,604.67,0.0,3507.63,0.12,34341,9771,0,44112,25932.12,7347.76,0.0,33279.88,11422,2823,0,14245,8900.2,2186.29,0.0,11086.49,126390,31470,0,157860,128687.98,29489.95,0.0,158177.93,172153,44064,269,216486,163520.3,39024.0,654.17,203198.47
Belagavi,1344382,190424,14.16,70791,34341,105132,7.82,11465,22660,1.69,2306,36431,70825,50931,121756,890639,277885,1168524,66.25,416.0,86778,69422,898,955,859,62995,121930,93545,77684,149638,118444,6503,46424,37139,223716,178974,629441,498383,55.96,53529,133922,9033,159679,1044,38759,623,396589,14881,715,10051,54963,1523,325,104888,699,188045,584634,50.03,820,31100,12142,1158,1,23,32,72014,125,86,116681,9.99,2384.0,4160.0,34.0,4.0,93.0,2922.0,470.0,1217.0,108.0,0.0,262.0,0.0,11654.0,3560.0,2332.0,773.0,0.0,511.0,2231.0,399.0,331.0,323.0,14983.0,132.0,405.0,14.0,965.0,5471.0,1.0,14.0,2948.0,25.0,959.0,62.0,136.0,36575.0,63580,206864,8217,67915,15327,371,12,5393,202424,171955,9920,616404,1292,63111,551,1065658,7719,313,5557,30178,1022,85,81708,215,126798,1192456,9.32,32437,11999,886,1,32,43,90853,6,136256,19062518,2628,21,0,0,1896,0.0,125254,58049,7369,238,8044,79771,14708,15338,21905,70497,193957,111397,14849,4903,132194,101720,21343,35274,3981,1352,1156,4063,1303,1714,931,2828,546,461,582,578,706,275,820,311,710,2147,1230,471,97.0,1283,0.0,2063.2,22.3,0,0.0,9,6015.0,9,6015.0,179744,47275,58509,285528,13.02,1104.0,4921.3,2457.58,0.0,10687.04,240.85,17686.89,436.68,308.04,670.35,0.0,1397.0,281.46,75530.69,10.05,10,30,40,1049.76,465.27,365,133,67,1968,2168,1781.94,2,19,13,199,231,22,23,1145,1190,0,0,0,111,98,21465,3575,0,25040,8790.86,1875.71,0.0,10666.57,9928,1119,0,11047,4817.65,598.23,0.0,5415.88,234703,22842,0,257545,113466.05,11396.02,0.0,124862.07,266096,27536,1350,294982,127074.56,13869.96,520.48,141465.0,47.61,7756,1248,0,9004,10927.54,1738.97,0.0,12666.51,5744,517,0,6261,8165.63,727.4,0.0,8893.03,141330,13411,0,154741,201811.4,19120.33,0.0,220931.73,154830,15176,547,170553,220904.57,21586.7,798.16,243289.43,27.53,3429,459,0,3888,9045.16,1191.64,0.0,10236.8,3070,244,0,3314,8283.02,637.63,0.0,8920.65,89043,7091,0,96134,242191.83,19051.98,0.0,261243.81,16.76,992,107,0,1099,5587.31,582.1,0.0,6169.41,1036,88,0,1124,5887.42,487.39,0.0,6374.81,39339,2922,0,42261,223936.79,16748.5,0.0,240685.29,41367,3117,507,44991,235411.52,17817.99,3034.77,256264.28,7.26,92,8,0,100,1280.95,117.13,0.0,1398.08,105,6,0,111,1476.97,97.22,0.0,1574.19,4335,358,0,4693,64210.26,6804.66,0.0,71014.92,0.84,33734,5397,0,39131,35631.82,5505.55,0.0,41137.37,19883,1974,0,21857,28630.69,2547.87,0.0,31178.56,508750,46624,0,555374,845616.33,73121.49,0.0,918737.82,562367,53995,3199,619561,909878.84,81174.91,18989.43,1010043.18
Vijayapura,1053471,1977,0.19,36509,29059,65568,6.22,5502,9575,0.91,1316,16393,21997,5557,27554,941979,308811,1250790,89.42,296.0,115605,108295,92,0,0,42892,71942,66015,35282,187019,173284,2,0,0,23712,17330,398278,364924,38.74,91,149508,19373,45811,76,35336,271,250466,520937,198,821,5691,136,265,268725,215,796988,1047454,83.74,153,14174,8994,1702,0,83,4,30,333,9,25329,2.03,982.0,128.0,12629.0,1.0,74.0,12960.0,44.0,5205.0,150.0,3.0,150.0,638.0,32964.0,528.0,581.0,80.0,0.0,38.0,32.0,55.0,17.0,7.0,17966.0,2.0,58.0,1.0,68.0,2174.0,18.0,0.0,37.0,19.0,9.0,18.0,0.0,21708.0,34569,53010,2,34638,4076,80,3,152,388,97718,14576,117384,91,24539,274,254971,167273,64,132,735,84,71,123815,66,292240,547211,4.28,8372,4755,692,0,53,69,29,1,13972,4280558,567,5,0,0,0,0.0,29970,2355,304142,0,2250,360480,1410,48055,13583,0,18045,17375,205,102,362194,13630,320,3436,4488,688,792,2697,1265,731,1064,1072,338,340,169,136,652,282,485,310,386,550,581,306,85.0,865,0.0,190.49,1.17,0,0.0,13,26820.0,13,26820.0,40296,23851,6711,70858,3.23,0.0,1882.2,1734.66,0.0,2001.41,137.24,30811.0,6162.52,2.3,33.55,0.0,6997.5,100.53,49862.91,6.63,4,13,17,532.2,134.21,221,135,9,603,747,518.42,1,21,0,141,162,22,2,151,175,0,0,0,0,0,9127,2901,0,12028,5770.33,2066.85,0.0,7837.18,415,97,0,512,278.78,68.21,0.0,346.99,43083,7455,0,50538,27196.04,4847.48,0.0,32043.52,52625,10453,22,63100,33245.15,6982.54,9.44,40237.13,17.38,17102,2986,0,20088,24859.48,4326.71,0.0,29186.19,836,146,0,982,1222.29,209.54,0.0,1431.83,95572,15895,0,111467,138395.65,23365.8,0.0,161761.45,113510,19027,8,132545,164477.42,27902.05,11.38,192390.85,36.52,10535,1699,0,12234,27582.73,4413.72,0.0,31996.45,539,87,0,626,1410.44,223.24,0.0,1633.68,81212,12073,0,93285,219988.04,32477.11,0.0,252465.15,29.25,3347,445,0,3792,19009.83,2531.21,0.0,21541.04,205,31,0,236,1157.76,187.87,0.0,1345.63,43616,6054,0,49670,255921.45,35437.84,0.0,291359.29,47168,6530,16,53714,276089.04,38156.92,100.08,314346.04,14.8,314,39,0,353,4295.5,542.18,0.0,4837.68,22,0,0,22,296.96,0.0,0.0,296.96,6292,783,0,7075,85309.71,10914.73,0.0,96224.44,2.06,40425,8070,0,48495,81517.87,13880.67,0.0,95398.54,2017,361,0,2378,4366.23,688.86,0.0,5055.09,269775,42260,0,312035,726810.89,107042.96,0.0,833853.85,312217,50691,71,362979,812694.99,121612.49,420.63,934728.11
Bagalkot,658877,81126,12.31,29853,24810,54663,8.3,2035,3429,0.52,274,5738,5811,6766,12577,504773,209442,714215,76.61,189.0,58998,58998,44,0,0,10249,1876,1700,32873,176783,133875,19,7461,7081,135196,113830,380314,315484,62.5,54,96236,18210,68045,24,24665,155,207389,42565,1005,1737,40834,130,385,109255,71,195982,403371,56.48,325,30820,39917,260,2,248,4,795,459,47,72552,10.16,1202.0,873.0,283.0,0.0,148.0,2326.0,634.0,2827.0,191.0,1.0,153.0,79.0,8717.0,917.0,690.0,219.0,0.0,46.0,13.0,111.0,27.0,57.0,35472.0,1.0,40.0,0.0,82.0,5371.0,0.0,6.0,6.0,20.0,13.0,63.0,135.0,43289.0,1006,101924,2,1072,10187,361,0,316,230,68090,27887,274297,29,39647,63,410242,19329,486,883,8534,80,59,45253,12,74637,484879,3.79,30390,37423,70,1,165,70,974,1,69095,7843052,2557,0,0,0,5,0.0,46494,6698,5357,0,7398,45358,7263,38232,11786,0,39350,15547,830,650,782271,11578,7987,11670,4483,745,1612,4243,1265,1692,428,2082,478,510,535,220,648,161,436,171,401,1265,1003,351,81.0,865,0.0,911.45,5.05,1,750.0,2,4600.0,3,5350.0,46932,20416,14725,82073,3.74,0.0,6405.0,2051.0,0.0,8478.0,972.0,20928.0,1170.0,65.0,1172.0,0.0,10587.0,1137.0,54713.0,7.28,6,14,20,687.66,372.97,201,74,64,1006,1144,1305.41,2,35,18,253,306,74,64,1006,1144,0,0,0,84,109,7976,3120,0,11096,4273.44,1791.83,0.0,6065.27,3481,956,0,4437,1992.99,555.95,0.0,2548.94,61495,12476,0,73971,35289.32,7371.4,0.0,42660.72,72952,16552,111,89615,41555.75,9719.18,43.43,51318.36,35.84,5569,1621,0,7190,7885.91,2256.72,0.0,10142.63,2865,644,0,3509,4169.45,918.07,0.0,5087.52,61631,12416,0,74047,89253.63,17991.3,0.0,107244.93,70065,14681,42,84788,101308.99,21166.09,57.4,122532.48,33.91,2232,619,0,2851,5873.4,1629.49,0.0,7502.89,1644,320,0,1964,4383.37,847.81,0.0,5231.18,39673,7396,0,47069,108441.56,20008.84,0.0,128450.4,20.77,556,136,0,692,3095.28,782.25,0.0,3877.53,556,77,0,633,3149.51,428.19,0.0,3577.7,17211,2972,0,20183,98342.36,17119.84,0.0,115462.2,18323,3185,33,21541,104587.15,18330.28,198.18,123115.61,8.62,31,7,0,38,401.57,82.6,0.0,484.17,26,8,0,34,328.03,94.98,0.0,423.01,1702,330,0,2032,23356.13,4623.09,0.0,27979.22,0.86,16364,5503,0,21867,21529.6,6542.89,0.0,28072.49,8572,2005,0,10577,14023.35,2845.0,0.0,16868.35,181712,35590,0,217302,354683.0,67114.47,0.0,421797.47,206648,43098,263,250009,390235.95,76502.36,3325.38,470063.69
Dharwad,427329,35235,8.25,25041,3985,29026,6.79,2669,3571,0.84,187,6427,27804,6979,34783,321857,193885,515742,75.32,86.0,21129,13350,1245,0,0,1112,0,0,6805,34150,31034,0,0,0,15268,10014,70547,54398,16.9,11107,49073,54,42650,70,29262,383,132599,628,1397,4047,61362,86,256,85477,1210,154463,287062,55.66,287,30992,619,3444,0,16,0,34554,8,8,69641,13.5,189.0,9345.0,4.0,0.0,536.0,0.0,884.0,2.0,32.0,1.0,0.0,12.0,11005.0,436.0,277.0,179.0,22.0,6.0,39.0,70.0,21.0,18.0,26549.0,7.0,0.0,0.0,98.0,1917.0,0.0,9.0,846.0,0.0,0.0,901.0,88.0,31483.0,53005,8046,0,53005,50408,417,101,80,15166,28834,55,115263,84,13872,609,173883,184,707,1754,21181,61,86,25985,843,50801,224684,1.76,23732,240,1387,0,10,2,27147,0,52519,550346,2953,180,0,0,20,1.03,4524,104763,35,0,9477,0,12795,11,1422,12858,8092,7608,201,35,637194,23974,752,2843,1437,618,1072,2845,1281,499,1674,1380,309,532,456,363,734,356,320,704,346,824,794,259,72.0,0,0.3,2.69,0.86,1,2100.0,4,23300.0,5,25400.0,19834,11906,4819,36559,1.67,184.5,662.6,664.08,0.0,3271.35,0.0,21517.8,63.6,89.08,255.25,0.9,1948.3,13.42,41453.68,5.52,5,8,13,212.5,62.31,105,25,19,222,266,217.21,0,20,8,37,65,7,4,318,329,0,0,0,272,36,1574,760,0,2334,918.48,524.92,0.0,1443.4,1856,456,0,2312,1092.52,288.16,0.0,1380.68,36894,7512,0,44406,21965.27,4428.58,0.0,26393.85,40324,8728,45,49097,23976.27,5241.66,18.9,29236.83,30.33,1526,401,0,1927,2161.27,549.85,0.0,2711.12,1767,315,0,2082,2536.49,454.45,0.0,2990.94,45395,8074,0,53469,66278.0,11750.37,0.0,78028.37,48688,8790,46,57524,70975.76,12754.67,67.34,83797.77,35.53,657,144,0,801,1760.71,385.24,0.0,2145.95,778,127,0,905,2099.73,348.25,0.0,2447.98,28719,4901,0,33620,78873.08,13482.63,0.0,92355.71,21.84,168,51,0,219,915.19,275.02,0.0,1190.21,291,67,0,358,1666.65,383.54,0.0,2050.19,14684,2415,0,17099,85733.28,13962.17,0.0,99695.45,15143,2533,29,17705,88315.12,14620.73,197.47,103133.32,10.94,8,4,0,12,122.65,44.06,0.0,166.71,21,0,0,21,279.34,0.0,0.0,279.34,1850,301,0,2151,24852.31,4162.92,0.0,29015.23,1.36,3933,1360,0,5293,5878.3,1779.09,0.0,7657.39,4713,965,0,5678,7674.73,1474.4,0.0,9149.13,127542,23203,0,150745,277701.94,47786.67,0.0,325488.61,136188,25528,171,161887,291254.97,51040.16,1146.52,343441.65
Gadag,465715,32614,7.0,11368,12024,23392,5.02,1010,2598,0.56,270,3878,24658,3036,27694,378137,170814,548951,81.19,105.0,51655,30155,21,2563,2563,2198,370,370,13718,38387,37887,10,480,480,14431,13431,107886,84886,22.45,3703,65293,3617,54946,35,14327,119,142040,2975,1288,156,140565,66,546,110412,13,256021,398061,72.51,668,40080,14690,1833,13,204,4,45,20,13,56902,10.37,467.0,655.0,50.0,0.0,202.0,60.0,197.0,273.0,140.0,7.0,68.0,24.0,2143.0,466.0,221.0,195.0,26.0,27.0,41.0,124.0,52.0,57.0,32642.0,4.0,24.0,0.0,177.0,617.0,0.0,0.0,0.0,0.0,0.0,0.0,200.0,34873.0,25669,1905,5,25679,20344,276,9,165,13981,24932,1656,78132,42,5635,55,124433,791,324,75,24170,41,94,16678,5,42178,166611,1.3,15593,5112,472,7,116,4,44,1,21349,110395,1955,16,0,0,23,0.0,16449,6223,661,0,4099,851,3324,2181,6030,0,10871,5738,199,322,176758,12276,2025,4200,3974,402,482,1497,1265,414,487,922,280,265,508,181,654,181,159,377,173,441,395,229,61.0,865,0.0,323.47,0.6,1,1000.0,1,6000.0,2,7000.0,15851,8650,2579,27080,1.23,267.0,756.0,1289.0,0.0,6429.0,188.0,19498.0,306.0,0.0,1233.0,65.0,2753.0,1366.0,34167.0,4.55,5,18,23,615.09,281.3,136,65,39,655,759,984.62,1,14,7,70,91,61,26,695,782,6,0,6,23,57,3892,2073,0,5965,2345.96,1411.52,0.0,3757.48,2426,635,0,3061,1447.52,393.78,0.0,1841.3,31033,6163,0,37196,18947.88,3843.65,0.0,22791.53,37351,8871,127,46349,22741.36,5648.95,53.81,28444.12,25.84,4545,952,0,5497,6397.52,1306.52,0.0,7704.04,3066,614,0,3680,4444.13,886.81,0.0,5330.94,50488,8852,0,59340,73540.48,12741.99,0.0,86282.47,58099,10418,54,68571,84382.13,14935.32,75.32,99392.77,38.22,2078,469,0,2547,5406.18,1245.05,0.0,6651.23,1584,309,0,1893,4264.25,812.68,0.0,5076.93,32593,5328,0,37921,89305.39,14487.47,0.0,103792.86,23.63,503,99,0,602,2721.85,540.6,0.0,3262.45,573,120,0,693,3345.3,663.77,0.0,4009.07,15845,2342,0,18187,91545.7,13575.97,0.0,105121.67,16921,2561,40,19522,97612.85,14780.34,253.46,112646.65,10.88,52,8,0,60,677.18,100.44,0.0,777.62,119,9,0,128,1679.04,105.53,0.0,1784.57,2068,278,0,2346,27114.56,3823.95,0.0,30938.51,1.43,11070,3601,0,14671,17548.69,4604.13,0.0,22152.82,7768,1687,0,9455,15180.24,2862.57,0.0,18042.81,132027,22963,0,154990,300454.01,48473.03,0.0,348927.04,150865,28251,286,179402,333182.94,55939.73,1236.16,390358.83
Haveri,485156,47454,9.78,33515,5793,39308,8.1,2989,12209,2.52,2290,17488,4504,1854,6358,374548,104154,478702,77.2,47.0,610,610,1904,0,0,156,0,0,80974,121136,97219,14781,0,0,17968,14440,139714,112269,29.97,37288,47825,6,191315,277,703,490,277904,1463,6306,165,3975,500,1095,3980,13,17497,295401,61.71,1094,19843,3876,267,5,6,2,6608,12,83,30702,6.41,2266.0,5600.0,6.0,4.0,112.0,0.0,451.0,98.0,173.0,2.0,154.0,163.0,9029.0,4719.0,1063.0,1087.0,219.0,225.0,2106.0,410.0,343.0,154.0,6596.0,30.0,6.0,0.0,1340.0,0.0,5.0,3.0,5.0,65.0,291.0,351.0,91.0,19109.0,80920,7323,4,80938,19491,1455,6409,1415,82328,35232,5,422872,318,202,442,541399,960,3542,30,1049,344,264,1592,6,7787,549186,4.29,15098,3393,195,3,4,2,4664,0,23360,500893,10305,11446,0,228,34,0.66,56669,48482,136,194,2622,0,5088,1053,1277,23,78719,6929,402,206,124918,79836,337,19668,2324,775,956,2327,1208,302,950,2051,691,591,191,278,724,254,421,466,468,1957,803,342,72.0,865,0.0,2.05,1.83,0,0.0,24,103992.0,24,103992.0,41475,22654,7254,71383,3.25,3738.0,97.0,1439.0,0.0,8550.0,0.0,2973.0,478.0,0.0,170.0,189.0,5517.0,45.0,30163.0,4.01,7,12,19,2150.9,1109.31,265,99,215,2042,2356,81.28,1,38,58,433,529,106,158,3200,3464,0,0,0,80,14,7088,1203,0,8291,3849.11,702.19,0.0,4551.3,7151,1035,0,8186,3871.59,556.2,0.0,4427.79,64737,8708,0,73445,35449.39,4742.68,0.0,40192.07,78976,10946,108,90030,43170.09,6001.07,52.83,49223.99,39.32,5826,785,0,6611,8133.63,1092.24,0.0,9225.87,5791,688,0,6479,8155.36,961.42,0.0,9116.78,63685,7167,0,70852,91225.49,10152.57,0.0,101378.06,75302,8640,55,83997,107514.48,12206.23,79.73,119800.44,36.69,1962,288,0,2250,4988.66,727.52,0.0,5716.18,2316,249,0,2565,6059.09,648.46,0.0,6707.55,32413,3348,0,35761,87468.78,8932.24,0.0,96401.02,17.75,295,26,0,321,1578.88,130.76,0.0,1709.64,440,55,0,495,2431.81,289.12,0.0,2720.93,11105,1060,0,12165,62590.52,5899.34,0.0,68489.86,11840,1141,32,13013,66601.21,6319.22,193.14,73113.57,5.68,15,3,0,18,184.54,44.39,0.0,228.93,31,3,0,34,402.04,34.84,0.0,436.88,1060,126,0,1186,14225.24,1714.01,0.0,15939.25,0.55,15186,2305,0,17491,18734.82,2697.1,0.0,21431.92,15729,2030,0,17759,20919.89,2490.04,0.0,23409.93,173000,20409,0,193409,290959.42,31440.84,0.0,322400.26,203915,24744,286,228945,330614.13,36627.98,1304.02,368546.13
Uttara Kannada,1024679,813595,79.4,34713,16196,50909,4.97,6450,6730,0.66,2191,15371,5946,11313,17259,127545,17197,144742,12.45,20.0,0,0,2371,6655,6155,20640,14040,12585,7290,10138,9427,16,676,676,26335,20704,57844,49547,38.85,53915,74,1,10203,6,0,4,64203,1,460,308,354,11,254,5,18,1411,65614,45.33,62,983,4,0,0,2,0,17,0,5,1011,0.7,5695.0,3156.0,8.0,209.0,3.0,0.0,56.0,4.0,32.0,1.08,320.0,301.0,9785.08,4.0,4.0,4.0,0.0,9.0,0.0,6.0,2.0,4.0,42.0,0.0,0.0,2.0,5.0,10.0,3.0,1.0,4.0,0.0,0.0,335.0,12.0,447.0,956,6836,0,982,4756,11302,30989,4613,168943,100,1,39875,8,0,3,208930,1,282,162,101,9,66,2,17,640,209570,1.64,2139,3,0,0,1,0,17,0,2159,467582,80046,87282,39,17492,1494,251.26,189363,59578,209,15737,98,0,918,8,3153,86,122,152,0,31,1347,268,209,493,3298,1446,956,4114,1404,0,789,3426,638,646,555,300,789,274,509,934,477,3362,2260,447,72.0,0,1.13,8302.8,62.84,0,0.0,2,860.0,2,860.0,17130,7088,4833,29051,1.32,6629.59,0.0,0.0,0.0,1677.95,0.0,0.0,0.0,33.55,0.0,46.5,681.6,0.0,9069.19,1.21,8,13,21,185.7,22.66,182,24,5,353,382,79.39,1,1,0,63,64,4,0,216,220,0,0,0,27,69,3255,1367,0,4622,1028.47,453.79,0.0,1482.26,1302,492,0,1794,580.63,211.76,0.0,792.39,109729,34773,0,144502,34708.25,9643.04,0.0,44351.29,114286,36632,417,151335,36317.35,10308.59,89.07,46715.01,75.96,1080,409,0,1489,1513.07,578.46,0.0,2091.53,513,156,0,669,712.48,228.13,0.0,940.61,23547,5603,0,29150,32493.02,7734.21,0.0,40227.23,25140,6168,43,31351,34718.57,8540.8,59.42,43318.79,15.74,269,84,0,353,707.7,219.57,0.0,927.27,202,59,0,261,539.31,157.56,0.0,696.87,9858,2261,0,12119,26182.62,5996.67,0.0,32179.29,6.4,32,12,0,44,171.08,64.28,0.0,235.36,37,14,0,51,198.38,69.41,0.0,267.79,2856,586,0,3442,15643.23,3209.57,0.0,18852.8,2925,612,23,3560,16012.69,3343.26,141.36,19497.31,1.79,1,1,0,2,15.09,12.51,0.0,27.6,1,0,0,1,10.8,0.0,0.0,10.8,189,32,0,221,2461.5,441.59,0.0,2903.09,0.12,4637,1873,0,6510,3435.41,1328.61,0.0,4764.02,2055,721,0,2776,2041.6,666.86,0.0,2708.46,146179,43255,0,189434,111488.62,27025.08,0.0,138513.7,152871,45849,521,199241,116965.63,29020.55,571.57,146557.75
Ballari,956220,119247,12.47,121630,58313,179943,18.82,22417,6875,0.72,3688,32980,27692,24589,52281,571769,101367,673136,59.79,475.0,122441,110824,192,3627,3182,3114,3916,3429,35852,115500,86411,4057,57488,50079,3214,2345,306186,256270,44.82,137905,29803,15533,203914,12117,23,1954,401249,13708,1301,40,333,191,2204,26031,39,43847,445096,66.12,1290,60802,13688,917,76,101,16,4,0,100,75704,11.25,2464.0,1078.0,74.0,1.0,36.0,33.0,986.0,3844.0,324.0,27.0,160.0,1151.0,10178.0,1353.0,335.0,279.0,2.0,11.0,34.0,89.0,45.0,28.0,11249.0,1.0,5.0,4.0,562.0,401.0,1.0,10.0,5.0,36.0,55.0,44.0,779.0,15328.0,45621,10096,109,45626,58284,1220,1558,493,814529,62197,17750,555187,11826,19,713,1462220,9168,901,20,118,123,559,14169,27,25085,1487305,11.63,67284,11590,329,43,134,0,4,3,79388,575472,8641,2783,0,0,2,0.0,82788,13323,2349,0,3243,6156,23130,52150,41703,0,61338,14155,635,890,152693,40481,8355,23469,6217,2197,1203,2866,1027,856,384,3836,704,729,526,373,680,267,573,691,602,3517,1105,471,60.0,865,0.0,21.91,12.99,0,0.0,23,129100.0,23,129100.0,156642,76747,26916,260305,11.87,6485.25,77.4,671.99,916.4,6184.16,919.43,7111.8,1329.82,3.0,19.1,59.7,11276.9,257.44,35324.54,4.7,8,13,21,2100.0,1196.87,303,220,346,1893,2459,5155.5,0,22,36,191,249,420,217,3632,4269,0,0,0,132,93,17743,6450,0,24193,9076.85,3499.1,0.0,12575.95,18592,6296,0,24888,9093.13,3223.71,0.0,12316.84,88341,27516,0,115857,41497.04,13592.45,0.0,55089.49,124676,40262,337,165275,59667.02,20315.26,140.26,80122.54,43.94,12246,4001,0,16247,16687.68,5472.59,0.0,22160.27,12014,3791,0,15805,16586.35,5229.17,0.0,21815.52,58722,17960,0,76682,81170.71,24555.88,0.0,105726.59,82982,25752,193,108927,114444.74,35257.64,270.04,149972.42,28.96,6131,1853,0,7984,15903.73,4785.73,0.0,20689.46,7528,2134,0,9662,19650.98,5501.2,0.0,25152.18,40507,11970,0,52477,106025.54,31080.94,0.0,137106.48,18.68,1681,433,0,2114,9176.33,2344.47,0.0,11520.8,2893,697,0,3590,16274.76,3816.87,0.0,20091.63,18206,4576,0,22782,102387.95,25342.71,0.0,127730.66,22780,5706,137,28623,127839.04,31504.05,848.74,160191.83,7.61,132,32,0,164,1822.15,471.32,0.0,2293.47,309,49,0,358,4455.79,640.98,0.0,5096.77,2110,397,0,2507,29170.1,5442.37,0.0,34612.47,0.82,37933,12769,0,50702,52666.74,16573.21,0.0,69239.95,41336,12967,0,54303,66061.01,18411.93,0.0,84472.94,207886,62419,0,270305,360251.34,100014.35,0.0,460265.69,287155,88155,866,376176,478979.09,134999.49,3205.37,617183.95
Bidar,541765,27707,5.11,25374,19127,44501,8.21,19381,13964,2.58,10933,44278,68039,57104,125143,300135,78949,379084,55.4,180.0,990,791,131,385,282,11687,16780,14155,19965,35749,32469,2153,0,0,293,180,54197,47877,15.95,617,29527,409,1490,12,2927,124,35106,77019,350,27518,26461,313,158,49509,263,181591,216697,57.16,1384,36,23,4797,1,898,301,125173,69,19,131317,34.64,322.0,1884.0,228.0,0.0,168.0,111.0,80.0,96.0,96.0,105.0,688.0,404.0,4182.0,1205.0,361.0,215.0,67.0,148.0,621.0,289.0,93.0,99.0,1139.0,51.0,80.0,0.0,306.0,624.0,21.0,55.0,103.0,42.0,455.0,373.0,591.0,6938.0,446,13037,2,469,3003,68,0,192,666,24557,312,3059,14,2764,108,31480,34828,147,12966,13298,195,56,19143,99,80732,112212,0.88,28,2,4548,1,621,14,102980,66,108258,730724,482,0,0,0,43,0.0,12966,10756,5696,0,4214,1323,1812,1304,30409,2589,39645,8497,1931,1378,21270,13558,7537,11267,1136,875,802,2161,1265,994,917,944,476,443,496,529,657,373,407,380,468,545,868,351,59.0,865,0.0,728.0,3.98,1,462.0,2,2700.0,3,3162.0,9508,18596,1661,29765,1.36,2.9,253.8,437.0,0.0,37.8,6.0,13218.68,284.0,295.8,192.0,0.0,0.0,3.0,116811.88,15.54,5,7,12,394.7,153.41,115,60,134,306,500,613.58,1,24,24,218,266,30,118,226,374,0,0,0,35,78,9723,2848,0,12571,5379.21,1806.51,0.0,7185.72,10311,2922,0,13233,5771.71,1701.72,0.0,7473.43,52240,15907,0,68147,28266.26,8979.74,0.0,37246.0,72274,21677,87,94038,39417.18,12487.97,34.16,51939.31,35.98,9693,2338,0,12031,13613.99,3277.62,0.0,16891.61,9875,2425,0,12300,13912.32,3383.9,0.0,17296.22,57621,17036,0,74657,81162.69,24131.3,0.0,105293.99,77189,21799,49,99037,108689.0,30792.82,69.52,139551.34,37.89,4082,767,0,4849,10166.79,1917.53,0.0,12084.32,4581,955,0,5536,12035.08,2482.72,0.0,14517.8,32757,7786,0,40543,87286.85,20670.67,0.0,107957.52,19.5,748,114,0,862,4042.3,611.5,0.0,4653.8,1158,162,0,1320,6329.12,882.05,0.0,7211.17,11432,2080,0,13512,65263.13,11784.11,0.0,77047.24,13338,2356,26,15720,75634.55,13277.66,141.73,89053.94,6.01,58,2,0,60,796.69,27.83,0.0,824.52,50,4,0,54,654.88,51.24,0.0,706.12,1251,248,0,1499,16850.1,3319.41,0.0,20169.51,0.62,24304,6069,0,30373,33998.98,7640.99,0.0,41639.97,25975,6468,0,32443,38703.11,8501.63,0.0,47204.74,155301,43057,0,198358,278829.03,68885.23,0.0,347714.26,205580,55594,207,261381,351531.12,85027.85,590.4,437149.37
Kalburgi,1094119,35316,3.23,41511,35113,76624,7.0,9417,25855,2.36,1131,36403,30370,24510,54880,890897,208712,1099609,81.43,131.0,23632,23235,155,1912,1545,16610,12426,9766,14167,62269,52428,114,13534,10795,3962,2863,117735,100632,11.3,10083,124811,1682,2306,69,6349,374,145674,596689,34,23035,43466,19,14,122055,5,785317,930991,84.67,374,7017,7472,465,3,2355,37,22325,29,0,39703,3.61,2367.0,396.0,969.0,0.0,39.0,272.0,59.0,142.0,272.0,6.0,796.0,0.0,5318.0,1705.0,461.0,155.0,77.0,129.0,156.0,179.0,79.0,174.0,4527.0,0.0,141.0,0.0,304.0,3509.0,0.0,36.0,56.0,61.0,75.0,0.0,447.0,12271.0,68183,25629,8,68234,3341,23,1,36,46178,116436,2961,7181,83,9560,423,182822,569078,14,11182,24941,12,5,99255,2,704489,887311,6.94,5727,7138,436,2,2763,6,30222,7,46301,1972152,163,2,0,0,0,0.0,71366,3283,25902,0,685,5387,329,1417,19930,443,46441,12501,767,872,82552,28976,4441,4009,4821,982,1853,3343,1265,1585,1105,1321,976,443,511,604,649,398,856,385,924,985,1228,533,61.0,865,0.0,529.54,1.49,0,0.0,1,5000.0,1,5000.0,20546,18202,3532,42280,1.93,27.75,0.0,384.6,0.0,129.55,12.68,12343.18,6282.55,348.05,714.28,0.0,4548.0,230.22,34586.06,4.6,7,2,9,639.99,239.16,179,154,9,710,873,1434.98,2,18,3,120,141,118,1,829,948,140,4,144,90,26,20482,6553,0,27035,11461.88,4112.5,0.0,15574.38,1407,595,0,2002,826.68,397.47,0.0,1224.15,59457,17808,0,77265,33396.98,10472.42,0.0,43869.4,81346,24956,72,106374,45685.54,14982.39,30.84,60698.77,25.22,23980,6124,0,30104,34138.39,8641.52,0.0,42779.91,1769,574,0,2343,2572.17,802.98,0.0,3375.15,95264,26266,0,121530,139156.49,38086.25,0.0,177242.74,121013,32964,36,154013,175867.05,47530.75,51.41,223449.21,36.52,13464,3255,0,16719,35285.29,8367.98,0.0,43653.27,1067,352,0,1419,2821.9,898.85,0.0,3720.75,73551,20043,0,93594,198131.35,53531.89,0.0,251663.24,26.51,3727,749,0,4476,20523.5,4081.16,0.0,24604.66,357,97,0,454,2062.71,578.09,0.0,2640.8,31517,7375,0,38892,181101.22,41979.72,0.0,223080.94,35601,8221,49,43871,203687.43,46638.97,315.18,250641.58,10.4,305,44,0,349,4198.93,568.65,0.0,4767.58,46,7,0,53,646.83,87.31,0.0,734.14,4362,886,0,5248,60036.68,12206.78,0.0,72243.46,1.35,61958,16725,0,78683,105607.99,25771.81,0.0,131379.8,4646,1625,0,6271,8930.29,2764.7,0.0,11694.99,264151,72378,0,336529,611822.72,156277.06,0.0,768099.78,330755,90728,232,421715,726361.0,184813.57,1199.48,912374.05
Yadgir,516088,33773,6.54,31167,27954,59121,11.46,2385,11755,2.28,737,14877,24445,4511,28956,379361,71578,450939,73.51,167.0,92610,90563,308,1924,1924,3013,7738,7205,12681,68030,66410,2381,2819,2609,2346,2156,175467,170867,45.04,97584,23451,8876,128,10,320,32,130401,110119,87,2,16719,6,165,6664,181,133943,264344,58.62,55,34734,628,112,14,43,1,0,0,27,35559,7.89,93.0,159.0,94.0,0.0,12.0,9.0,24.0,290.0,130.0,3.0,17.0,29.0,860.0,200.0,144.0,38.0,2.0,20.0,0.0,52.0,1.0,2.0,362.0,0.0,0.0,0.0,47.0,1558.0,0.0,0.0,8.0,3.0,0.0,18.0,3.0,2458.0,145784,911,3,145785,1633,27,0,34,410491,24850,10627,337,12,367,18,446701,74798,43,1,6179,4,62,3400,158,84645,531346,4.15,27987,437,62,8,27,0,0,0,28521,77890,184,0,0,0,2,0.0,12460,3360,1960,0,1550,575,780,6080,15680,0,4956,1188,101,226,11832,20800,120,1017,4428,1115,1260,2771,1265,1207,592,3606,715,520,511,389,702,398,537,884,665,2116,845,315,90.0,865,0.0,252.27,1.81,0,0.0,0,0.0,0,0.0,107700,47610,6210,161520,7.36,764.05,0.0,266.61,0.0,3.75,16.64,669.4,1897.0,14.51,207.7,0.0,8647.51,17.47,12504.64,1.66,3,7,10,191.97,92.0,73,109,22,111,242,0.0,0,0,0,0,0,0,0,0,0,109,22,131,0,0,14715,2894,0,17609,8389.08,1701.26,0.0,10090.34,6773,1456,0,8229,3893.79,908.76,0.0,4802.55,45256,9034,0,54290,24774.66,5169.39,0.0,29944.05,66744,13384,23,80151,37057.53,7779.41,12.41,44849.35,34.46,14087,2440,0,16527,20219.32,3496.17,0.0,23715.49,6978,1409,0,8387,10031.24,2035.03,0.0,12066.27,46427,9809,0,56236,67697.79,14345.83,0.0,82043.62,67492,13658,10,81160,97948.35,19877.03,14.03,117839.41,34.89,6181,1084,0,7265,16392.96,2844.46,0.0,19237.42,3902,769,0,4671,10539.25,2072.51,0.0,12611.76,32116,6528,0,38644,87429.15,17961.59,0.0,105390.74,21.75,1292,192,0,1484,6943.09,1015.06,0.0,7958.15,1230,236,0,1466,6918.04,1316.12,0.0,8234.16,13046,2748,0,15794,74593.65,15869.41,0.0,90463.06,15568,3176,9,18753,88454.78,18200.59,56.76,106712.13,8.06,63,10,0,73,800.16,121.88,0.0,922.04,94,21,0,115,1619.75,305.0,0.0,1924.75,1481,297,0,1778,19538.56,3985.53,0.0,23524.09,0.85,36338,6620,0,42958,52744.61,9178.83,0.0,61923.44,18977,3891,0,22868,33002.07,6637.42,0.0,39639.49,138326,28416,0,166742,274033.81,57331.75,0.0,331365.56,193641,38927,55,232623,359780.49,73148.0,187.39,433115.88
Raichur,835843,18167,2.17,20768,20084,40852,4.89,10712,19816,2.37,13684,44212,79900,49733,129633,602979,142215,745194,72.14,150.0,250738,226496,342,20,16,9952,4388,3900,15568,39112,34922,5152,0,0,13361,12361,307619,277695,46.05,141534,123143,41622,4599,84,26,94,311102,102583,196,1,1355,19,83,174201,74,278512,589614,79.12,47,34803,3990,265,212,632,22,9,0,16,39949,5.36,75.0,975.0,303.0,0.0,113.0,0.0,50.0,804.0,700.0,350.0,0.0,717.0,4087.0,1531.0,341.0,306.0,63.0,55.0,88.0,215.0,78.0,96.0,4437.0,0.0,155.0,16.0,310.0,1977.0,11.0,25.0,0.0,0.0,0.0,542.0,556.0,10802.0,123580,558,41,123580,8231,28,0,19,695663,177345,43351,33054,101,24,41,949578,36261,82,0,312,12,31,94165,63,130926,1080504,8.45,27673,2861,57,122,235,0,9,4,30960,47709,205,0,0,0,0,51.0,2475,7800,7878,0,2486,0,550,9648,56000,0,34740,9207,756,385,90456,23724,5442,8976,4186,1462,970,7565,1265,990,459,2820,371,442,508,242,632,398,560,859,489,1788,816,317,90.0,865,0.0,351.49,4.16,7,40000.0,0,0.0,7,40000.0,99640,62000,19740,181380,8.27,3298.75,0.0,664.72,0.0,0.0,286.62,18064.2,1315.25,2.2,18.7,0.0,13109.25,10.08,36769.77,4.89,5,1,6,974.82,225.63,174,111,99,531,741,456.03,0,27,14,103,144,5,5,31,41,56,27,83,58,50,16150,4058,0,20208,9037.69,2310.9,0.0,11348.59,20313,4606,0,24919,11196.57,2631.34,0.0,13827.91,51026,13851,0,64877,29426.45,8031.62,0.0,37458.07,87489,22515,204,110208,49660.71,12973.86,108.22,62742.79,36.83,12019,2181,0,14200,16619.26,3006.96,0.0,19626.22,14870,2821,0,17691,20747.49,3909.35,0.0,24656.84,49022,11298,0,60320,70306.2,16187.56,0.0,86493.76,75911,16300,79,92290,107672.95,23103.87,107.34,130884.16,30.84,7620,1257,0,8877,20239.7,3288.26,0.0,23527.96,10289,1603,0,11892,27659.86,4292.3,0.0,31952.16,34620,6682,0,41302,94747.91,18085.34,0.0,112833.25,20.78,3387,697,0,4084,19722.15,4033.13,0.0,23755.28,4865,777,0,5642,28427.54,4382.81,0.0,32810.35,16889,2941,0,19830,98208.61,16891.64,0.0,115100.25,25141,4415,139,29695,146358.3,25307.58,833.12,172499.0,9.92,881,192,0,1073,15641.63,3856.56,0.0,19498.19,895,160,0,1055,15013.73,2838.98,0.0,17852.71,2212,385,0,2597,32497.6,6001.15,0.0,38498.75,1.62,40057,8385,0,48442,81260.43,16495.81,0.0,97756.24,51232,9967,0,61199,103045.19,18054.78,0.0,121099.97,153769,35157,0,188926,325186.77,65197.31,0.0,390384.08,245058,53509,647,299214,509492.39,99747.9,6743.36,615983.65
Koppal,552495,29451,5.33,49697,23635,73332,13.27,2568,17842,3.23,210,20620,13454,13661,27115,401977,108977,510954,72.76,112.0,44257,35688,127,0,0,1811,0,0,32305,118582,106339,10,150,136,0,0,162989,142163,35.37,75185,40197,67048,73290,69,4351,2291,262431,24740,7944,728,22568,289,2366,63150,483,122268,384699,75.29,632,30798,27762,551,164,9022,87,14,121,18,68537,13.41,511.0,1919.0,163.0,0.0,256.0,312.0,199.0,836.0,327.0,8.0,601.0,1005.0,6137.0,1760.0,1358.0,1158.0,158.0,638.0,3.0,713.0,628.0,24.0,21962.0,0.0,6.0,0.0,560.0,3521.0,88.0,197.0,4.0,175.0,36.0,1024.0,340.0,34353.0,7110,2378,14,7179,4133,144,0,119,351867,20688,45096,103141,83,2943,745,524564,6722,3145,373,4202,178,667,18958,100,34345,558909,4.37,21352,12574,173,94,3231,25,14,20,37482,203319,1006,0,0,0,6,0.0,30457,34867,6288,0,12478,10404,5825,10529,33871,0,70891,25918,1396,3474,372740,29798,7222,36959,4926,542,708,1481,1265,712,342,2104,286,417,539,196,649,297,316,209,296,1529,576,320,90.0,865,0.0,294.51,0.53,0,0.0,1,500.0,1,500.0,25705,21897,14558,62160,2.83,925.5,50.1,813.04,0.0,3299.1,1376.1,13207.14,393.42,0.0,132.65,0.0,6641.5,440.08,27278.63,3.63,5,12,17,414.09,208.0,167,47,78,409,534,623.3,2,20,23,213,256,57,68,585,710,0,0,0,37,76,6524,2891,0,9415,3662.39,1766.5,0.0,5428.89,6905,2230,0,9135,3937.74,1317.33,0.0,5255.07,49899,14619,0,64518,28033.18,8355.73,0.0,36388.91,63328,19740,63,83131,35633.31,11439.56,27.91,47100.78,35.81,6107,1561,0,7668,8738.49,2195.5,0.0,10933.99,6891,1741,0,8632,9930.81,2488.25,0.0,12419.06,50209,12543,0,62752,71247.87,17921.79,0.0,89169.66,63207,15845,31,79083,89917.17,22605.54,42.32,112565.03,34.07,2515,543,0,3058,6514.55,1381.12,0.0,7895.67,4123,800,0,4923,11031.55,2142.6,0.0,13174.15,34816,7446,0,42262,94112.68,19881.07,0.0,113993.75,21.66,497,89,0,586,2644.72,477.88,0.0,3122.6,1263,242,0,1505,7016.9,1317.96,0.0,8334.86,13120,2618,0,15738,74037.35,14742.5,0.0,88779.85,14880,2949,28,17857,83698.97,16538.34,180.36,100417.67,7.69,34,3,0,37,468.78,35.4,0.0,504.18,87,12,0,99,1092.25,138.37,0.0,1230.62,1387,245,0,1632,17857.26,3233.57,0.0,21090.83,0.77,15677,5087,0,20764,22028.93,5856.4,0.0,27885.33,19269,5025,0,24294,33009.25,7404.51,0.0,40413.76,149431,37471,0,186902,285288.34,64134.66,0.0,349423.0,184377,47583,165,232125,340326.52,77395.57,677.23,418399.32
